CH1 Area (V·s),CH2 Area (V·s)
4.300001301999398e-08,4.310001722500362e-08
4.200001334740334e-08,4.289998698839869e-08
4.140003031200181e-08,4.4299999296399886e-08
4.0800027189998655e-08,4.3000009720000075e-08
4.2600027571002184e-08,4.220001007999163e-08
4.1800030431996934e-08,4.159997377999344e-08
4.340000520729951e-08,4.040002615399998e-08
4.3000004285600084e-08,4.1000031089996076e-08
4.240002991000014e-08,4.159997324199845e-08
4.340000520729951e-08,4.380000504400073e-08
4.3000004285600084e-08,3.720001763199818e-08
4.240002991000014e-08,4.060003013999928e-08
4.199997266999764e-08,4.0800010589998203e-08
4.1999999210300574e-08,4.0600004500599146e-08
4.2000004191000053e-08,4.040004585599024e-08
4.100000935839874e-08,4.0800010589998203e-08
4.0999990428000084e-08,4.0600004500599146e-08
4.240000474000011e-08,4.040004585599024e-08
4.199999737399959e-08,4.059999282999895e-08
4.059999999720064e-08,4.020000851999861e-08
4.119997202200249e-08,3.960000961839864e-08
4.2400035856002474e-08,4.2200002638800486e-08
4.140003011800094e-08,4.1399990610000594e-08
4.2000000872400015e-08,4.1200028783998854e-08
4.0600004696000105e-08,4.10000394189983e-08
4.13999696739949e-08,4.1999932229995535e-08
4.1800001324797584e-08,4.120002622600261e-08
4.420000582800249e-08,4.22000294900018e-08
4.1399972699999255e-08,4.1800027593999625e-08
4.100000946959792e-08,4.479998449000103e-08
4.10000100285998e-08,4.080002434000121e-08
4.120000492200012e-08,4.199997697520015e-08
4.0999997505999614e-08,4.239998210999968e-08
4.23999790379991e-08,4.240000051000004e-08
4.1400029397998434e-08,4.419999161199499e-08
4.080000452200011e-08,4.1599936097999225e-08
4.119999422219941e-08,4.4200037354003445e-08
4.0800004867999735e-08,4.1200004694000126e-08
4.4599987011999097e-08,4.1000001043400036e-08
4.139998410000031e-08,4.3400012119400704e-08
4.479999394619757e-08,4.180005390640172e-08
4.159992493199398e-08,4.1799993732599224e-08
4.159997638999678e-08,4.0799999559599785e-08
4.1999980659997775e-08,4.119999934400011e-08
4.100000995999974e-08,4.139997826599974e-08
4.219998013279756e-08,4.1000028283999644e-08
4.200000462000009e-08,4.200003181999976e-08
4.159997963999919e-08,4.3800004755003793e-08
4.1199934806003065e-08,4.239997617399846e-08
4.059999872979975e-08,4.16000303699986e-08
4.119999731599962e-08,4.459999411079764e-08
4.2200032495999125e-08,4.180000391800003e-08
4.440000615199704e-08,4.160002651999858e-08
4.139997253999911e-08,4.220003791000311e-08
4.0800008680001277e-08,4.440000123240001e-08
4.119999266799942e-08,4.100000084739996e-08
4.1199998463600234e-08,4.439999536000116e-08
4.179992835800412e-08,4.1599973979994326e-08
4.1000005316003655e-08,4.239997876199827e-08
4.160000799000097e-08,4.239997827799981e-08
4.119998472000046e-08,4.120000325219981e-08
3.8099988820798616e-08,4.4400037390001725e-08
4.200002857500083e-08,4.479998636420234e-08
4.079998863800052e-08,4.0800000992000096e-08
4.240003296299834e-08,4.180000528200014e-08
4.2000025489002566e-08,4.459998700579911e-08
4.2200026064001924e-08,4.2000002790400615e-08
4.120000399300004e-08,4.0799980166400034e-08
4.180002766900054e-08,4.20000047120001e-08
4.120004827249828e-08,4.180002763199972e-08
4.160002700900036e-08,4.179998040199844e-08
4.179998083000128e-08,4.420001293240012e-08
4.180000099530006e-08,4.3799998549799955e-08
3.790000367800004e-08,4.100000105860092e-08
4.220000473900009e-08,4.48000020420029e-08
4.50999914861016e-08,4.140002915599745e-08
4.25999782699972e-08,4.160003324599665e-08
4.44999837221999e-08,4.260000344619986e-08
4.259999628500007e-08,4.380003603000383e-08
4.260000738549913e-08,4.140002976000011e-08
4.219997956999755e-08,4.0000009271598554e-08
4.1400006338008056e-08,4.040003180999968e-08
4.200002905700247e-08,4.099998542599883e-08
4.2399985729998214e-08,4.380000759400116e-08
4.160000919000038e-08,4.039998052200199e-08
4.1399998972801113e-08,4.140003009540425e-08
4.2199999746899925e-08,4.440000379200139e-08
4.200002905700247e-08,4.2000031779999705e-08
4.2399985729998214e-08,4.500000489400009e-08
4.160000919000038e-08,4.420004048000159e-08
4.1399998972801113e-08,4.1800003196799875e-08
4.2199999746899925e-08,4.499999669000026e-08
4.200002552000261e-08,4.179993381600114e-08
3.7500012028999856e-08,4.120002574000077e-08
4.2000025721003435e-08,4.079997638999831e-08
4.200000202000045e-08,4.159997757139958e-08
3.830001846459963e-08,4.120002574000077e-08
4.180003064910128e-08,4.079997638999831e-08
4.140000093670009e-08,4.159997757139958e-08
4.1200001075599995e-08,4.179998523199713e-08
4.100000948999971e-08,4.060002947999669e-08
4.1799966643997786e-08,4.080000593000042e-08
4.1800019267005385e-08,4.179998211000257e-08
4.179997493000254e-08,4.220002938400086e-08
3.809999236960025e-08,4.040002634999997e-08
4.2599999919601536e-08,4.180000130739927e-08
4.299998781800002e-08,4.2000001093999993e-08
4.2800001140002625e-08,4.03999980460002e-08
4.220000874739858e-08,4.440001518239912e-08
4.4700035950004755e-08,4.059999290799885e-08
4.1599977531599523e-08,4.16000275300012e-08
4.179999886850039e-08,4.379999787200011e-08
4.179998906699939e-08,4.0600002589399585e-08
4.1399977953400734e-08,4.080003077000206e-08
4.2199982218000726e-08,4.079997941600258e-08
4.25999784690006e-08,4.040004635579885e-08
4.529998271999604e-08,4.1600001455199204e-08
4.0600000237600073e-08,4.359999710940085e-08
4.1600004506000095e-08,4.140000923999848e-08
4.239997758900042e-08,4.0599992915998876e-08
4.1199975900000743e-08,4.080003627999229e-08
4.1199990143998e-08,4.1599984670000365e-08
4.2400018756998296e-08,4.3599997109600864e-08
4.530003717100129e-08,4.1599973533999385e-08
4.1000007397900075e-08,4.440000653000178e-08
4.180000862030031e-08,4.179997667799862e-08
4.159993293500496e-08,4.140002666000191e-08
4.180004223700122e-08,4.0999980390000224e-08
4.2000000874200145e-08,4.1000008407198416e-08
4.2200032467999035e-08,4.139997586000335e-08
4.100002796499871e-08,4.519995780200231e-08
4.16000296479968e-08,4.160000858399767e-08
4.1999976239997466e-08,4.1600004614799274e-08
4.160000663920064e-08,4.0599993601399925e-08
4.159998320799932e-08,4.060000462800048e-08
4.12000022415994e-08,4.139997958619679e-08
4.159998311999929e-08,4.3600005387200146e-08
4.1400003318400596e-08,4.099999945660003e-08
3.7900015188099776e-08,4.399999753799997e-08
4.199997336000022e-08,4.3800010427998236e-08
4.140000865000111e-08,4.2000034093997876e-08
4.199999999920012e-08,4.22000293860009e-08
4.100000505410611e-08,4.1599975898001756e-08
4.1599979843598664e-08,4.0599998219999205e-08
4.120000436900007e-08,4.180000132479753e-08
4.0599976736002014e-08,4.140000710579978e-08
3.7899986099997e-08,4.1399986700001794e-08
4.260000153129767e-08,4.3600012810000836e-08
4.2199973839999624e-08,4.139998107400048e-08
4.0400025656998554e-08,4.060000396599983e-08
4.179996946000183e-08,4.1199972679994856e-08
4.16000000750999e-08,4.1000004600000034e-08
4.1600004590800104e-08,4.120000791999915e-08
4.1400000600000004e-08,4.3599988573398434e-08
3.780000027199994e-08,4.339999373039909e-08
4.3799997649600126e-08,4.1399990326000406e-08
4.180003090999871e-08,4.08000045200001e-08
4.199992909700077e-08,4.179997432399967e-08
4.219997441199779e-08,4.100000111600003e-08
4.0600026506998725e-08,4.100000219980031e-08
4.160000427600007e-08,4.080002742999953e-08
4.21999998588001e-08,3.960000119539905e-08
4.200000489430021e-08,4.200000469720012e-08
4.2199987661994404e-08,4.1800009360999516e-08
4.11999731609968e-08,4.220002678400454e-08
4.220002879499921e-08,4.1200043048392265e-08
4.1999981400000625e-08,4.0999936820003956e-08
4.13999877700001e-08,4.140000545480035e-08
4.1000005520699715e-08,4.1000004864000114e-08
4.2800002559997946e-08,4.08000190199975e-08
4.199999613080246e-08,4.3800005471200174e-08
4.24000039590004e-08,4.059999774780004e-08
4.199997909000076e-08,4.399999136999687e-08
4.139998783800013e-08,4.140004120400267e-08
4.10000085299994e-08,4.1199924388003645e-08
4.19999989701031e-08,4.0600030007998277e-08
4.1400004047000086e-08,4.020002534999989e-08
4.1800030884998704e-08,4.200000044579995e-08
4.2799978861999846e-08,4.0799990560000935e-08
4.100002826499977e-08,4.140002937519851e-08
4.2200029345000966e-08,4.1400001900001005e-08
4.159997745999784e-08,4.120001056179907e-08
4.2200029575001745e-08,4.160000119400014e-08
4.179999958960136e-08,4.0200028289997325e-08
4.1199983042799426e-08,4.339998946999789e-08
4.159999045889975e-08,4.3199995861599424e-08
4.160003862499393e-08,4.080000905119859e-08
4.460004144999936e-08,4.039993285800371e-08
4.1000008452198385e-08,4.159997613800264e-08
4.000000898499962e-08,4.199992676999851e-08
4.479999612000081e-08,4.4200005808002434e-08
4.1800042033990225e-08,4.440000381400135e-08
4.0999939205005856e-08,4.1600033469997575e-08
4.1999973330000284e-08,4.08000279980013e-08
4.099999875832495e-08,4.1200014626405875e-08
4.139999628820015e-08,4.1800030661997806e-08
4.1999996786999756e-08,4.219998409999772e-08
4.200000347310156e-08,4.45999968680001e-08
4.1199984310998675e-08,4.079993964799684e-08
4.1800030645801365e-08,4.1399932730002506e-08
4.17999866250027e-08,3.980002719399861e-08
4.180003085999782e-08,4.000000502400015e-08
4.469999136799748e-08,4.180000035599999e-08
4.059997674000199e-08,4.139999737999997e-08
4.1400001369600025e-08,4.1000006982199744e-08
4.429998720799739e-08,4.180002501999978e-08
4.219997937400001e-08,4.379998771599912e-08
3.770001820400053e-08,4.1600030624000376e-08
4.469998716999985e-08,4.060002647999922e-08
4.120001104249914e-08,4.439999322599945e-08
4.469998716999985e-08,4.0399989215998475e-08
4.120001104249914e-08,4.100000151999843e-08
4.180000459730013e-08,4.04000105294e-08
4.0800000737524354e-08,4.1200000085807003e-08
4.430000161400145e-08,3.979999739199999e-08
4.0200025194999347e-08,4.020000165580174e-08
4.4500008049998996e-08,4.1000029007998985e-08
4.199999630499971e-08,4.0200048158001845e-08
4.060002910700197e-08,4.379998770399919e-08
4.2000006174298854e-08,4.419999445100027e-08
4.239999258530025e-08,4.1400000387673825e-08
4.159999663799972e-08,4.100000240000129e-08
4.239998039200117e-08,4.400000558000016e-08
4.220003219100161e-08,4.020000546800019e-08
4.1199986680000876e-08,4.100000240000129e-08
4.160003338999757e-08,4.400000558000016e-08
4.179999721210239e-08,4.020000546800019e-08
4.139999177300009e-08,4.0999999880399745e-08
4.079998876999939e-08,4.080000576000019e-08
4.180000106999994e-08,4.3199985449999496e-08
4.239999117979991e-08,4.100001695600385e-08
4.099998675600151e-08,4.399999137799683e-08
4.509998440799915e-08,4.160003030999951e-08
4.280000484999766e-08,4.200000491620017e-08
4.32000295800019e-08,4.039999348679923e-08
4.320000053549923e-08,4.1000004796000103e-08
4.2000000583999093e-08,4.1399975222002566e-08
4.320002967700191e-08,4.1399984357999555e-08
4.3200009575999725e-08,4.119996654199859e-08
4.2600000116100865e-08,4.1600030546000334e-08
4.179999577100039e-08,4.1400004747000866e-08
4.239997375000311e-08,4.0999978322400615e-08
4.2600027093000435e-08,4.359998716259986e-08
4.259997215800091e-08,4.1000031167997e-08
4.139999371399829e-08,4.01999749400004e-08
4.2600002817001425e-08,4.179997666000201e-08
4.2600027821003105e-08,4.200000161639943e-08
4.159998837399943e-08,4.220000484260011e-08
4.31999907107007e-08,4.079999485039855e-08
4.2000028322999915e-08,4.180000440679911e-08
4.2399985382996476e-08,4.22000293860009e-08
4.2199979384003436e-08,4.5200003014001433e-08
4.140000560510139e-08,4.199999284739814e-08
4.1599989738000426e-08,4.1999980807997784e-08
4.219998223999987e-08,4.0399994906000015e-08
4.220000408190087e-08,4.179997431800308e-08
4.119997886959974e-08,4.100000526800014e-08
4.160000061980699e-08,4.1000002101007e-08
4.179997716760198e-08,4.039999786199962e-08
4.239999237399928e-08,4.120002906200004e-08
4.0999999491199825e-08,4.160000529000094e-08
4.1200029289999965e-08,4.200000445379835e-08
4.080002471600227e-08,3.800000462000011e-08
4.179996949900113e-08,4.180002776000066e-08
4.319999863949877e-08,4.099997856239978e-08
4.1800003936000426e-08,4.140000451200008e-08
4.199999700899984e-08,3.7399991154599386e-08
3.8700003750000056e-08,4.239997758760046e-08
4.2399971570001647e-08,4.1200004444400104e-08
4.260004462899617e-08,4.119999596999943e-08
4.2599969567997786e-08,4.100000035999997e-08
4.2000025077001016e-08,4.179997978999923e-08
4.199998420999788e-08,4.179998023199853e-08
3.910001484300222e-08,4.119998636999655e-08
4.260003040699949e-08,4.0599999913116045e-08
4.1400046140998105e-08,4.100000390119908e-08
4.180003088909874e-08,3.7599990500599254e-08
4.179996952100183e-08,4.1199935042000507e-08
4.1999984052000385e-08,4.1200025982002006e-08
3.8900020279998365e-08,4.2199997653999846e-08
4.140000155000007e-08,4.179998236399639e-08
3.829998973399887e-08,4.079997372000107e-08
4.220000449419921e-08,4.0599989995998765e-08
4.119999810899993e-08,4.08000009248001e-08
4.240000453529852e-08,4.4199986222001566e-08
4.1599998418899715e-08,4.140003028000105e-08
4.2199987903998586e-08,4.160000080200006e-08
4.2400020888996576e-08,4.18000059027994e-08
4.319997685399688e-08,4.1799992780799776e-08
4.159998853499833e-08,4.140002628800017e-08
4.140000429900008e-08,4.16000012450002e-08
4.2000006088999665e-08,4.0999993704599974e-08
4.139999623610141e-08,4.0999990675999155e-08
4.2800002262900405e-08,4.09999882959996e-08
4.2399986344999965e-08,4.139997844600404e-08
4.239998526299892e-08,4.09999856539998e-08
4.259997732000065e-08,4.1000045105999425e-08
4.180000987859907e-08,4.119981519359731e-08
4.079999651120008e-08,4.44000379800029e-08
4.159998060999945e-08,4.020000129220102e-08
4.2400017795001915e-08,4.059997886899825e-08
4.18000041929997e-08,4.079997378799778e-08
4.259998425599941e-08,4.159998035000031e-08
4.219997937200012e-08,4.399999220599999e-08
3.78999697700025e-08,4.0799933972001915e-08
4.0999989089999404e-08,4.039998948600234e-08
4.2399981100998865e-08,4.179997456200053e-08
4.2200004025000034e-08,3.979999329200209e-08
4.319999864745053e-08,4.0800000690000776e-08
4.219998762199486e-08,4.1000004824000114e-08
4.160001536699941e-08,4.079999724780003e-08
4.240002680099536e-08,4.1199983310001826e-08
4.5699983408000746e-08,4.420001721200052e-08
4.219999808015994e-08,4.12000255e-08
4.1200031649703174e-08,4.119999964799992e-08
4.240003584400252e-08,4.200004046399825e-08
4.0600000693002474e-08,4.420000565399762e-08
4.1799979210001775e-08,4.159998446400039e-08
4.1799978300000564e-08,4.1000004140600803e-08
4.240003509939659e-08,4.039997511999899e-08
4.240002638000116e-08,4.099998254580011e-08
4.1400005807300423e-08,4.000000497440014e-08
4.240000432460006e-08,4.139997845559892e-08
4.240002660200123e-08,4.079997350800377e-08
4.4699999648498396e-08,4.180002550600169e-08
4.120000386550004e-08,4.1399986679998396e-08
4.220000466900009e-08,4.120000485000102e-08
4.159999990259998e-08,4.139999858939939e-08
4.160002368000203e-08,4.100000477600011e-08
4.200000334720161e-08,4.1599981749998864e-08
4.180000736300678e-08,3.979999322000204e-08
4.1800027610000533e-08,4.080000490340018e-08
4.240002704500291e-08,4.339998927999719e-08
4.1799983780998585e-08,4.1200004216600816e-08
4.159996894100267e-08,4.0000010313198265e-08
