Record Length,800,Points,-199.99998813E-9,0.0,,Record Length,800,Points,-199.99998813E-9,-200.00000298E-3,,Record Length,800,Points,-199.99998813E-9,1.9999999E-3,
Sample Interval,499.999983811E-12,s,-199.49999341E-9,0.0,,Sample Interval,499.999983811E-12,s,-199.49999341E-9,-200.00000298E-3,,Sample Interval,499.999983811E-12,s,-199.49999341E-9,1.9999999E-3,
Trigger Point,399.99998757,Samples,-198.99998449E-9,0.0,,Trigger Point,399.99998757,Samples,-198.99998449E-9,-200.00000298E-3,,Trigger Point,399.99998757,Samples,-198.99998449E-9,1.9999999E-3,
,,,-198.49998978E-9,0.0,,,,,-198.49998978E-9,-400.00000596E-3,,,,,-198.49998978E-9,399.99998990E-6,
,,,-197.99999507E-9,0.0,,,,,-197.99999507E-9,-200.00000298E-3,,,,,-197.99999507E-9,-399.99998990E-6,
,,,-197.49998614E-9,0.0,,,,,-197.49998614E-9,-200.00000298E-3,,,,,-197.49998614E-9,-1.1999999E-3,
Source,Sample CH2,,-196.99999143E-9,0.0,,Source,Sample CH3,,-196.99999143E-9,-200.00000298E-3,,Source,Sample CH4,,-196.99999143E-9,-1.1999999E-3,
Vertical Units,V,,-196.49998251E-9,0.0,,Vertical Units,V,,-196.49998251E-9,-400.00000596E-3,,Vertical Units,V,,-196.49998251E-9,-1.9999999E-3,
Vertical Scale,5.00000007,,-195.99998780E-9,0.0,,Vertical Scale,5.00000007,,-195.99998780E-9,-200.00000298E-3,,Vertical Scale,19.9999995E-3,,-195.99998780E-9,-1.1999999E-3,
Vertical Offset,0,,-195.49999308E-9,0.0,,Vertical Offset,0,,-195.49999308E-9,-200.00000298E-3,,Vertical Offset,0,,-195.49999308E-9,-1.1999999E-3,
Horizontal Units,s,,-194.99998416E-9,0.0,,Horizontal Units,s,,-194.99998416E-9,0.0,,Horizontal Units,s,,-194.99998416E-9,399.99998990E-6,
Horizontal Scale,39.99999887E-9,,-194.49998945E-9,0.0,,Horizontal Scale,39.99999887E-9,,-194.49998945E-9,-200.00000298E-3,,Horizontal Scale,39.99999887E-9,,-194.49998945E-9,399.99998990E-6,
Pt Fmt,Y,,-193.99999474E-9,0.0,,Pt Fmt,Y,,-193.99999474E-9,-200.00000298E-3,,Pt Fmt,Y,,-193.99999474E-9,1.1999999E-3,
Yzero,3.04000000,,-193.49998581E-9,0.0,,Yzero,2.2800000,,-193.49998581E-9,-400.00000596E-3,,Yzero,900.000000000E-3,,-193.49998581E-9,1.1999999E-3,
Probe Atten,1.000000,,-192.99999110E-9,0.0,,Probe Atten,1.000000,,-192.99999110E-9,-200.00000298E-3,,Probe Atten,1.000000,,-192.99999110E-9,2.79999990E-3,
,,,-192.49998218E-9,0.0,,,,,-192.49998218E-9,-200.00000298E-3,,,,,-192.49998218E-9,2.79999990E-3,
Note,DPO2024B - 2:23:59 PM   12/19/2024,,-191.99998746E-9,0.0,,Note,DPO2024B - 2:23:59 PM   12/19/2024,,-191.99998746E-9,-200.00000298E-3,,Note,DPO2024B - 2:23:59 PM   12/19/2024,,-191.99998746E-9,3.59999994E-3,
,,,-191.49999275E-9,0.0,,,,,-191.49999275E-9,-400.00000596E-3,,,,,-191.49999275E-9,3.59999994E-3,
,,,-190.99998383E-9,0.0,,,,,-190.99998383E-9,-200.00000298E-3,,,,,-190.99998383E-9,3.59999994E-3,
,,,-190.49998912E-9,0.0,,,,,-190.49998912E-9,-200.00000298E-3,,,,,-190.49998912E-9,2.79999990E-3,
,,,-189.99999440E-9,0.0,,,,,-189.99999440E-9,-200.00000298E-3,,,,,-189.99999440E-9,2.79999990E-3,
,,,-189.49998548E-9,0.0,,,,,-189.49998548E-9,-400.00000596E-3,,,,,-189.49998548E-9,1.9999999E-3,
,,,-188.99999077E-9,0.0,,,,,-188.99999077E-9,-200.00000298E-3,,,,,-188.99999077E-9,1.9999999E-3,
,,,-188.49998185E-9,-200.00000298E-3,,,,,-188.49998185E-9,-200.00000298E-3,,,,,-188.49998185E-9,1.1999999E-3,
,,,-187.99998713E-9,0.0,,,,,-187.99998713E-9,0.0,,,,,-187.99998713E-9,399.99998990E-6,
,,,-187.49999242E-9,0.0,,,,,-187.49999242E-9,-200.00000298E-3,,,,,-187.49999242E-9,-1.1999999E-3,
,,,-186.99998350E-9,0.0,,,,,-186.99998350E-9,-200.00000298E-3,,,,,-186.99998350E-9,-1.1999999E-3,
,,,-186.49998879E-9,-200.00000298E-3,,,,,-186.49998879E-9,-200.00000298E-3,,,,,-186.49998879E-9,-1.9999999E-3,
,,,-185.99999407E-9,0.0,,,,,-185.99999407E-9,0.0,,,,,-185.99999407E-9,-1.1999999E-3,
,,,-185.49998515E-9,0.0,,,,,-185.49998515E-9,-200.00000298E-3,,,,,-185.49998515E-9,-1.9999999E-3,
,,,-184.99999044E-9,0.0,,,,,-184.99999044E-9,-200.00000298E-3,,,,,-184.99999044E-9,-1.9999999E-3,
,,,-184.49998151E-9,-200.00000298E-3,,,,,-184.49998151E-9,-400.00000596E-3,,,,,-184.49998151E-9,-3.59999994E-3,
,,,-183.99998680E-9,-200.00000298E-3,,,,,-183.99998680E-9,-200.00000298E-3,,,,,-183.99998680E-9,-3.59999994E-3,
,,,-183.49999209E-9,-200.00000298E-3,,,,,-183.49999209E-9,-200.00000298E-3,,,,,-183.49999209E-9,-3.59999994E-3,
,,,-182.99998317E-9,0.0,,,,,-182.99998317E-9,-200.00000298E-3,,,,,-182.99998317E-9,-1.9999999E-3,
,,,-182.49998845E-9,0.0,,,,,-182.49998845E-9,-400.00000596E-3,,,,,-182.49998845E-9,-1.9999999E-3,
,,,-181.99999374E-9,0.0,,,,,-181.99999374E-9,-200.00000298E-3,,,,,-181.99999374E-9,-1.9999999E-3,
,,,-181.49998482E-9,-200.00000298E-3,,,,,-181.49998482E-9,-200.00000298E-3,,,,,-181.49998482E-9,-2.79999990E-3,
,,,-180.99999011E-9,0.0,,,,,-180.99999011E-9,-200.00000298E-3,,,,,-180.99999011E-9,-1.9999999E-3,
,,,-180.49999539E-9,0.0,,,,,-180.49999539E-9,-200.00000298E-3,,,,,-180.49999539E-9,-2.79999990E-3,
,,,-179.99998647E-9,0.0,,,,,-179.99998647E-9,-200.00000298E-3,,,,,-179.99998647E-9,-2.79999990E-3,
,,,-179.49999176E-9,-200.00000298E-3,,,,,-179.49999176E-9,-400.00000596E-3,,,,,-179.49999176E-9,-3.59999994E-3,
,,,-178.99998284E-9,0.0,,,,,-178.99998284E-9,-200.00000298E-3,,,,,-178.99998284E-9,-2.79999990E-3,
,,,-178.49998812E-9,0.0,,,,,-178.49998812E-9,-200.00000298E-3,,,,,-178.49998812E-9,-2.79999990E-3,
,,,-177.99999341E-9,0.0,,,,,-177.99999341E-9,-200.00000298E-3,,,,,-177.99999341E-9,-2.79999990E-3,
,,,-177.49998449E-9,0.0,,,,,-177.49998449E-9,-400.00000596E-3,,,,,-177.49998449E-9,-2.79999990E-3,
,,,-176.99998978E-9,0.0,,,,,-176.99998978E-9,-200.00000298E-3,,,,,-176.99998978E-9,-1.9999999E-3,
,,,-176.49999506E-9,0.0,,,,,-176.49999506E-9,-200.00000298E-3,,,,,-176.49999506E-9,-1.1999999E-3,
,,,-175.99998614E-9,0.0,,,,,-175.99998614E-9,0.0,,,,,-175.99998614E-9,399.99998990E-6,
,,,-175.49999143E-9,0.0,,,,,-175.49999143E-9,-200.00000298E-3,,,,,-175.49999143E-9,1.1999999E-3,
,,,-174.99998251E-9,0.0,,,,,-174.99998251E-9,-200.00000298E-3,,,,,-174.99998251E-9,2.79999990E-3,
,,,-174.49998779E-9,0.0,,,,,-174.49998779E-9,-200.00000298E-3,,,,,-174.49998779E-9,2.79999990E-3,
,,,-173.99999308E-9,0.0,,,,,-173.99999308E-9,0.0,,,,,-173.99999308E-9,2.79999990E-3,
,,,-173.49998416E-9,0.0,,,,,-173.49998416E-9,-200.00000298E-3,,,,,-173.49998416E-9,2.79999990E-3,
,,,-172.99998945E-9,0.0,,,,,-172.99998945E-9,-200.00000298E-3,,,,,-172.99998945E-9,3.59999994E-3,
,,,-172.49999473E-9,0.0,,,,,-172.49999473E-9,-400.00000596E-3,,,,,-172.49999473E-9,4.39999998E-3,
,,,-171.99998581E-9,0.0,,,,,-171.99998581E-9,-200.00000298E-3,,,,,-171.99998581E-9,5.20000001E-3,
,,,-171.49999110E-9,0.0,,,,,-171.49999110E-9,-200.00000298E-3,,,,,-171.49999110E-9,4.39999998E-3,
,,,-170.99998217E-9,0.0,,,,,-170.99998217E-9,-200.00000298E-3,,,,,-170.99998217E-9,4.39999998E-3,
,,,-170.49998746E-9,0.0,,,,,-170.49998746E-9,-200.00000298E-3,,,,,-170.49998746E-9,2.79999990E-3,
,,,-169.99999275E-9,0.0,,,,,-169.99999275E-9,-200.00000298E-3,,,,,-169.99999275E-9,1.9999999E-3,
,,,-169.49998383E-9,0.0,,,,,-169.49998383E-9,-400.00000596E-3,,,,,-169.49998383E-9,399.99998990E-6,
,,,-168.99998911E-9,0.0,,,,,-168.99998911E-9,-200.00000298E-3,,,,,-168.99998911E-9,-399.99998990E-6,
,,,-168.49999440E-9,0.0,,,,,-168.49999440E-9,-200.00000298E-3,,,,,-168.49999440E-9,-1.9999999E-3,
,,,-167.99998548E-9,0.0,,,,,-167.99998548E-9,0.0,,,,,-167.99998548E-9,-2.79999990E-3,
,,,-167.49999077E-9,0.0,,,,,-167.49999077E-9,-200.00000298E-3,,,,,-167.49999077E-9,-3.59999994E-3,
,,,-166.99999605E-9,0.0,,,,,-166.99999605E-9,-200.00000298E-3,,,,,-166.99999605E-9,-3.59999994E-3,
,,,-166.49998713E-9,0.0,,,,,-166.49998713E-9,-200.00000298E-3,,,,,-166.49998713E-9,-3.59999994E-3,
,,,-165.99999242E-9,0.0,,,,,-165.99999242E-9,0.0,,,,,-165.99999242E-9,-2.79999990E-3,
,,,-165.49998350E-9,0.0,,,,,-165.49998350E-9,-200.00000298E-3,,,,,-165.49998350E-9,-2.79999990E-3,
,,,-164.99998878E-9,0.0,,,,,-164.99998878E-9,-200.00000298E-3,,,,,-164.99998878E-9,-1.9999999E-3,
,,,-164.49999407E-9,0.0,,,,,-164.49999407E-9,-200.00000298E-3,,,,,-164.49999407E-9,-1.9999999E-3,
,,,-163.99998515E-9,0.0,,,,,-163.99998515E-9,0.0,,,,,-163.99998515E-9,-1.1999999E-3,
,,,-163.49999044E-9,0.0,,,,,-163.49999044E-9,-200.00000298E-3,,,,,-163.49999044E-9,-1.1999999E-3,
,,,-162.99999572E-9,0.0,,,,,-162.99999572E-9,-200.00000298E-3,,,,,-162.99999572E-9,-1.1999999E-3,
,,,-162.49998680E-9,0.0,,,,,-162.49998680E-9,-200.00000298E-3,,,,,-162.49998680E-9,-1.9999999E-3,
,,,-161.99999209E-9,0.0,,,,,-161.99999209E-9,0.0,,,,,-161.99999209E-9,-1.1999999E-3,
,,,-161.49998316E-9,0.0,,,,,-161.49998316E-9,-200.00000298E-3,,,,,-161.49998316E-9,-1.1999999E-3,
,,,-160.99998845E-9,0.0,,,,,-160.99998845E-9,-200.00000298E-3,,,,,-160.99998845E-9,-1.1999999E-3,
,,,-160.49999374E-9,0.0,,,,,-160.49999374E-9,-200.00000298E-3,,,,,-160.49999374E-9,-1.9999999E-3,
,,,-159.99998482E-9,0.0,,,,,-159.99998482E-9,0.0,,,,,-159.99998482E-9,-1.9999999E-3,
,,,-159.49999010E-9,0.0,,,,,-159.49999010E-9,-200.00000298E-3,,,,,-159.49999010E-9,-2.79999990E-3,
,,,-158.99999539E-9,0.0,,,,,-158.99999539E-9,-200.00000298E-3,,,,,-158.99999539E-9,-2.79999990E-3,
,,,-158.49998647E-9,0.0,,,,,-158.49998647E-9,-400.00000596E-3,,,,,-158.49998647E-9,-3.59999994E-3,
,,,-157.99999176E-9,0.0,,,,,-157.99999176E-9,-200.00000298E-3,,,,,-157.99999176E-9,-4.39999998E-3,
,,,-157.49998283E-9,0.0,,,,,-157.49998283E-9,-200.00000298E-3,,,,,-157.49998283E-9,-5.20000001E-3,
,,,-156.99998812E-9,0.0,,,,,-156.99998812E-9,-200.00000298E-3,,,,,-156.99998812E-9,-4.39999998E-3,
,,,-156.49999341E-9,-200.00000298E-3,,,,,-156.49999341E-9,-400.00000596E-3,,,,,-156.49999341E-9,-4.39999998E-3,
,,,-155.99998449E-9,0.0,,,,,-155.99998449E-9,-200.00000298E-3,,,,,-155.99998449E-9,-2.79999990E-3,
,,,-155.49998977E-9,0.0,,,,,-155.49998977E-9,-200.00000298E-3,,,,,-155.49998977E-9,-1.9999999E-3,
,,,-154.99999506E-9,0.0,,,,,-154.99999506E-9,-200.00000298E-3,,,,,-154.99999506E-9,-399.99998990E-6,
,,,-154.49998614E-9,-200.00000298E-3,,,,,-154.49998614E-9,-200.00000298E-3,,,,,-154.49998614E-9,399.99998990E-6,
,,,-153.99999143E-9,0.0,,,,,-153.99999143E-9,-200.00000298E-3,,,,,-153.99999143E-9,1.1999999E-3,
,,,-153.49998250E-9,0.0,,,,,-153.49998250E-9,-200.00000298E-3,,,,,-153.49998250E-9,1.9999999E-3,
,,,-152.99998779E-9,0.0,,,,,-152.99998779E-9,-200.00000298E-3,,,,,-152.99998779E-9,2.79999990E-3,
,,,-152.49999308E-9,-200.00000298E-3,,,,,-152.49999308E-9,-400.00000596E-3,,,,,-152.49999308E-9,2.79999990E-3,
,,,-151.99998415E-9,-200.00000298E-3,,,,,-151.99998415E-9,-200.00000298E-3,,,,,-151.99998415E-9,2.79999990E-3,
,,,-151.49998944E-9,-200.00000298E-3,,,,,-151.49998944E-9,-200.00000298E-3,,,,,-151.49998944E-9,1.9999999E-3,
,,,-150.99999473E-9,0.0,,,,,-150.99999473E-9,-200.00000298E-3,,,,,-150.99999473E-9,2.79999990E-3,
,,,-150.49998581E-9,-200.00000298E-3,,,,,-150.49998581E-9,-400.00000596E-3,,,,,-150.49998581E-9,2.79999990E-3,
,,,-149.99999109E-9,-200.00000298E-3,,,,,-149.99999109E-9,-200.00000298E-3,,,,,-149.99999109E-9,2.79999990E-3,
,,,-149.49999638E-9,-200.00000298E-3,,,,,-149.49999638E-9,-200.00000298E-3,,,,,-149.49999638E-9,1.9999999E-3,
,,,-148.99998746E-9,0.0,,,,,-148.99998746E-9,0.0,,,,,-148.99998746E-9,1.9999999E-3,
,,,-148.49999275E-9,0.0,,,,,-148.49999275E-9,0.0,,,,,-148.49999275E-9,1.1999999E-3,
,,,-147.9999838E-9,0.0,,,,,-147.9999838E-9,0.0,,,,,-147.9999838E-9,1.1999999E-3,
,,,-147.4999891E-9,0.0,,,,,-147.4999891E-9,-200.00000298E-3,,,,,-147.4999891E-9,399.99998990E-6,
,,,-146.9999944E-9,0.0,,,,,-146.9999944E-9,-200.00000298E-3,,,,,-146.9999944E-9,399.99998990E-6,
,,,-146.4999855E-9,-200.00000298E-3,,,,,-146.4999855E-9,-400.00000596E-3,,,,,-146.4999855E-9,399.99998990E-6,
,,,-145.9999908E-9,-200.00000298E-3,,,,,-145.9999908E-9,-200.00000298E-3,,,,,-145.9999908E-9,1.1999999E-3,
,,,-145.4999961E-9,-200.00000298E-3,,,,,-145.4999961E-9,-200.00000298E-3,,,,,-145.4999961E-9,1.1999999E-3,
,,,-144.9999871E-9,0.0,,,,,-144.9999871E-9,-200.00000298E-3,,,,,-144.9999871E-9,1.9999999E-3,
,,,-144.4999924E-9,0.0,,,,,-144.4999924E-9,-200.00000298E-3,,,,,-144.4999924E-9,1.9999999E-3,
,,,-143.9999835E-9,0.0,,,,,-143.9999835E-9,-200.00000298E-3,,,,,-143.9999835E-9,3.59999994E-3,
,,,-143.4999888E-9,0.0,,,,,-143.4999888E-9,-400.00000596E-3,,,,,-143.4999888E-9,4.39999998E-3,
,,,-142.9999941E-9,0.0,,,,,-142.9999941E-9,-200.00000298E-3,,,,,-142.9999941E-9,5.20000001E-3,
,,,-142.4999851E-9,-200.00000298E-3,,,,,-142.4999851E-9,-200.00000298E-3,,,,,-142.4999851E-9,5.20000001E-3,
,,,-141.9999904E-9,-200.00000298E-3,,,,,-141.9999904E-9,0.0,,,,,-141.9999904E-9,5.20000001E-3,
,,,-141.4999957E-9,-200.00000298E-3,,,,,-141.4999957E-9,-200.00000298E-3,,,,,-141.4999957E-9,4.39999998E-3,
,,,-140.9999868E-9,0.0,,,,,-140.9999868E-9,-200.00000298E-3,,,,,-140.9999868E-9,3.59999994E-3,
,,,-140.4999921E-9,0.0,,,,,-140.4999921E-9,-200.00000298E-3,,,,,-140.4999921E-9,1.9999999E-3,
,,,-139.9999832E-9,0.0,,,,,-139.9999832E-9,0.0,,,,,-139.9999832E-9,1.9999999E-3,
,,,-139.4999884E-9,-200.00000298E-3,,,,,-139.4999884E-9,0.0,,,,,-139.4999884E-9,399.99998990E-6,
,,,-138.9999937E-9,0.0,,,,,-138.9999937E-9,0.0,,,,,-138.9999937E-9,-399.99998990E-6,
,,,-138.4999848E-9,0.0,,,,,-138.4999848E-9,-200.00000298E-3,,,,,-138.4999848E-9,-1.9999999E-3,
,,,-137.9999901E-9,0.0,,,,,-137.9999901E-9,0.0,,,,,-137.9999901E-9,-3.59999994E-3,
,,,-137.4999954E-9,-200.00000298E-3,,,,,-137.4999954E-9,0.0,,,,,-137.4999954E-9,-5.20000001E-3,
,,,-136.9999865E-9,0.0,,,,,-136.9999865E-9,0.0,,,,,-136.9999865E-9,-6.00000005E-3,
,,,-136.4999918E-9,0.0,,,,,-136.4999918E-9,0.0,,,,,-136.4999918E-9,-6.79999962E-3,
,,,-135.9999828E-9,0.0,,,,,-135.9999828E-9,0.0,,,,,-135.9999828E-9,-6.00000005E-3,
,,,-135.4999881E-9,0.0,,,,,-135.4999881E-9,-200.00000298E-3,,,,,-135.4999881E-9,-5.20000001E-3,
,,,-134.9999934E-9,0.0,,,,,-134.9999934E-9,0.0,,,,,-134.9999934E-9,-3.59999994E-3,
,,,-134.4999845E-9,0.0,,,,,-134.4999845E-9,400.00000596E-3,,,,,-134.4999845E-9,-2.79999990E-3,
,,,-133.9999898E-9,0.0,,,,,-133.9999898E-9,1.2000000,,,,,-133.9999898E-9,-1.1999999E-3,
,,,-133.4999951E-9,0.0,,,,,-133.4999951E-9,2.0000000,,,,,-133.4999951E-9,-399.99998990E-6,
,,,-132.9999861E-9,0.0,,,,,-132.9999861E-9,2.79999995,,,,,-132.9999861E-9,1.1999999E-3,
,,,-132.4999914E-9,-200.00000298E-3,,,,,-132.4999914E-9,3.40000010,,,,,-132.4999914E-9,1.1999999E-3,
,,,-131.9999967E-9,0.0,,,,,-131.9999967E-9,4.00000000,,,,,-131.9999967E-9,1.1999999E-3,
,,,-131.4999878E-9,200.00000298E-3,,,,,-131.4999878E-9,4.00000000,,,,,-131.4999878E-9,1.1999999E-3,
,,,-130.9999931E-9,1.000000,,,,,-130.9999931E-9,4.20000029,,,,,-130.9999931E-9,1.9999999E-3,
,,,-130.4999842E-9,1.8000001,,,,,-130.4999842E-9,4.20000029,,,,,-130.4999842E-9,1.9999999E-3,
,,,-129.9999894E-9,2.79999995,,,,,-129.9999894E-9,4.59999990,,,,,-129.9999894E-9,1.9999999E-3,
,,,-129.4999947E-9,3.60000014,,,,,-129.4999947E-9,4.40000010,,,,,-129.4999947E-9,1.9999999E-3,
,,,-128.9999858E-9,4.20000029,,,,,-128.9999858E-9,4.40000010,,,,,-128.9999858E-9,1.9999999E-3,
,,,-128.4999911E-9,4.20000029,,,,,-128.4999911E-9,4.20000029,,,,,-128.4999911E-9,1.1999999E-3,
,,,-127.9999964E-9,4.40000010,,,,,-127.9999964E-9,4.40000010,,,,,-127.9999964E-9,399.99998990E-6,
,,,-127.4999875E-9,4.20000029,,,,,-127.4999875E-9,4.40000010,,,,,-127.4999875E-9,-399.99998990E-6,
,,,-126.9999927E-9,4.40000010,,,,,-126.9999927E-9,4.40000010,,,,,-126.9999927E-9,399.99998990E-6,
,,,-126.4999838E-9,4.20000029,,,,,-126.4999838E-9,4.20000029,,,,,-126.4999838E-9,-399.99998990E-6,
,,,-125.9999891E-9,4.40000010,,,,,-125.9999891E-9,4.40000010,,,,,-125.9999891E-9,-399.99998990E-6,
,,,-125.4999944E-9,4.40000010,,,,,-125.4999944E-9,4.20000029,,,,,-125.4999944E-9,-1.1999999E-3,
,,,-124.9999855E-9,4.40000010,,,,,-124.9999855E-9,4.40000010,,,,,-124.9999855E-9,-1.1999999E-3,
,,,-124.4999908E-9,4.20000029,,,,,-124.4999908E-9,4.20000029,,,,,-124.4999908E-9,-1.1999999E-3,
,,,-123.9999960E-9,4.20000029,,,,,-123.9999960E-9,4.20000029,,,,,-123.9999960E-9,399.99998990E-6,
,,,-123.4999871E-9,4.20000029,,,,,-123.4999871E-9,3.79999995,,,,,-123.4999871E-9,1.1999999E-3,
,,,-122.9999924E-9,4.40000010,,,,,-122.9999924E-9,3.40000010,,,,,-122.9999924E-9,1.9999999E-3,
,,,-122.4999835E-9,4.20000029,,,,,-122.4999835E-9,2.6000001,,,,,-122.4999835E-9,1.9999999E-3,
,,,-121.9999888E-9,4.20000029,,,,,-121.9999888E-9,1.8000001,,,,,-121.9999888E-9,2.79999990E-3,
,,,-121.4999941E-9,4.00000000,,,,,-121.4999941E-9,1.000000,,,,,-121.4999941E-9,2.79999990E-3,
,,,-120.9999851E-9,4.20000029,,,,,-120.9999851E-9,400.00000596E-3,,,,,-120.9999851E-9,3.59999994E-3,
,,,-120.4999904E-9,3.79999995,,,,,-120.4999904E-9,0.0,,,,,-120.4999904E-9,2.79999990E-3,
,,,-119.9999957E-9,3.40000010,,,,,-119.9999957E-9,-200.00000298E-3,,,,,-119.9999957E-9,2.79999990E-3,
,,,-119.4999868E-9,2.6000001,,,,,-119.4999868E-9,-400.00000596E-3,,,,,-119.4999868E-9,1.1999999E-3,
,,,-118.9999921E-9,1.8000001,,,,,-118.9999921E-9,-200.00000298E-3,,,,,-118.9999921E-9,399.99998990E-6,
,,,-118.4999903E-9,1.000000,,,,,-118.4999903E-9,-200.00000298E-3,,,,,-118.4999903E-9,-1.1999999E-3,
,,,-117.9999884E-9,400.00000596E-3,,,,,-117.9999884E-9,-200.00000298E-3,,,,,-117.9999884E-9,-1.1999999E-3,
,,,-117.4999937E-9,0.0,,,,,-117.4999937E-9,-400.00000596E-3,,,,,-117.4999937E-9,-1.9999999E-3,
,,,-116.9999919E-9,-200.00000298E-3,,,,,-116.9999919E-9,-400.00000596E-3,,,,,-116.9999919E-9,-1.9999999E-3,
,,,-116.4999901E-9,-400.00000596E-3,,,,,-116.4999901E-9,-400.00000596E-3,,,,,-116.4999901E-9,-2.79999990E-3,
,,,-115.9999883E-9,-200.00000298E-3,,,,,-115.9999883E-9,-400.00000596E-3,,,,,-115.9999883E-9,-2.79999990E-3,
,,,-115.4999936E-9,-200.00000298E-3,,,,,-115.4999936E-9,-600.000023842E-3,,,,,-115.4999936E-9,-2.79999990E-3,
,,,-114.9999918E-9,-200.00000298E-3,,,,,-114.9999918E-9,-400.00000596E-3,,,,,-114.9999918E-9,-2.79999990E-3,
,,,-114.4999899E-9,-400.00000596E-3,,,,,-114.4999899E-9,-400.00000596E-3,,,,,-114.4999899E-9,-3.59999994E-3,
,,,-113.9999881E-9,-400.00000596E-3,,,,,-113.9999881E-9,-200.00000298E-3,,,,,-113.9999881E-9,-3.59999994E-3,
,,,-113.4999934E-9,-400.00000596E-3,,,,,-113.4999934E-9,-400.00000596E-3,,,,,-113.4999934E-9,-3.59999994E-3,
,,,-112.9999916E-9,-200.00000298E-3,,,,,-112.9999916E-9,-400.00000596E-3,,,,,-112.9999916E-9,-1.9999999E-3,
,,,-112.4999898E-9,-200.00000298E-3,,,,,-112.4999898E-9,-400.00000596E-3,,,,,-112.4999898E-9,-1.9999999E-3,
,,,-111.9999880E-9,-200.00000298E-3,,,,,-111.9999880E-9,-200.00000298E-3,,,,,-111.9999880E-9,-1.9999999E-3,
,,,-111.4999932E-9,-200.00000298E-3,,,,,-111.4999932E-9,-200.00000298E-3,,,,,-111.4999932E-9,-2.79999990E-3,
,,,-110.9999914E-9,-200.00000298E-3,,,,,-110.9999914E-9,-200.00000298E-3,,,,,-110.9999914E-9,-1.9999999E-3,
,,,-110.4999896E-9,-400.00000596E-3,,,,,-110.4999896E-9,-200.00000298E-3,,,,,-110.4999896E-9,-2.79999990E-3,
,,,-109.9999878E-9,-400.00000596E-3,,,,,-109.9999878E-9,0.0,,,,,-109.9999878E-9,-2.79999990E-3,
,,,-109.4999931E-9,-400.00000596E-3,,,,,-109.4999931E-9,0.0,,,,,-109.4999931E-9,-3.59999994E-3,
,,,-108.9999913E-9,-200.00000298E-3,,,,,-108.9999913E-9,0.0,,,,,-108.9999913E-9,-2.79999990E-3,
,,,-108.4999894E-9,-200.00000298E-3,,,,,-108.4999894E-9,0.0,,,,,-108.4999894E-9,-2.79999990E-3,
,,,-107.9999876E-9,0.0,,,,,-107.9999876E-9,0.0,,,,,-107.9999876E-9,-1.9999999E-3,
,,,-107.4999929E-9,0.0,,,,,-107.4999929E-9,-200.00000298E-3,,,,,-107.4999929E-9,-2.79999990E-3,
,,,-106.9999911E-9,0.0,,,,,-106.9999911E-9,-200.00000298E-3,,,,,-106.9999911E-9,-2.79999990E-3,
,,,-106.4999893E-9,0.0,,,,,-106.4999893E-9,-200.00000298E-3,,,,,-106.4999893E-9,-4.39999998E-3,
,,,-105.9999875E-9,0.0,,,,,-105.9999875E-9,0.0,,,,,-105.9999875E-9,-4.39999998E-3,
,,,-105.4999927E-9,-200.00000298E-3,,,,,-105.4999927E-9,-200.00000298E-3,,,,,-105.4999927E-9,-4.39999998E-3,
,,,-104.9999909E-9,0.0,,,,,-104.9999909E-9,-200.00000298E-3,,,,,-104.9999909E-9,-2.79999990E-3,
,,,-104.4999891E-9,200.00000298E-3,,,,,-104.4999891E-9,-400.00000596E-3,,,,,-104.4999891E-9,-1.9999999E-3,
,,,-103.9999944E-9,800.000011921E-3,,,,,-103.9999944E-9,-200.00000298E-3,,,,,-103.9999944E-9,-399.99998990E-6,
,,,-103.4999926E-9,1.4000000,,,,,-103.4999926E-9,-200.00000298E-3,,,,,-103.4999926E-9,-399.99998990E-6,
,,,-102.9999908E-9,2.2000000,,,,,-102.9999908E-9,-200.00000298E-3,,,,,-102.9999908E-9,399.99998990E-6,
,,,-102.4999889E-9,3.00000000,,,,,-102.4999889E-9,-200.00000298E-3,,,,,-102.4999889E-9,-399.99998990E-6,
,,,-101.9999942E-9,3.79999995,,,,,-101.9999942E-9,-200.00000298E-3,,,,,-101.9999942E-9,-399.99998990E-6,
,,,-101.4999924E-9,4.20000029,,,,,-101.4999924E-9,-400.00000596E-3,,,,,-101.4999924E-9,-399.99998990E-6,
,,,-100.9999906E-9,4.40000010,,,,,-100.9999906E-9,-200.00000298E-3,,,,,-100.9999906E-9,1.1999999E-3,
,,,-100.4999888E-9,4.40000010,,,,,-100.4999888E-9,-200.00000298E-3,,,,,-100.4999888E-9,1.9999999E-3,
,,,-99.999994063E-9,4.40000010,,,,,-99.999994063E-9,0.0,,,,,-99.999994063E-9,2.79999990E-3,
,,,-99.499992245E-9,4.20000029,,,,,-99.499992245E-9,0.0,,,,,-99.499992245E-9,2.79999990E-3,
,,,-98.999990428E-9,4.40000010,,,,,-98.999990428E-9,0.0,,,,,-98.999990428E-9,2.79999990E-3,
,,,-98.499988610E-9,4.40000010,,,,,-98.499988610E-9,0.0,,,,,-98.499988610E-9,1.1999999E-3,
,,,-97.999993898E-9,4.40000010,,,,,-97.999993898E-9,0.0,,,,,-97.999993898E-9,399.99998990E-6,
,,,-97.499992080E-9,4.20000029,,,,,-97.499992080E-9,0.0,,,,,-97.499992080E-9,-399.99998990E-6,
,,,-96.999990262E-9,4.20000029,,,,,-96.999990262E-9,0.0,,,,,-96.999990262E-9,399.99998990E-6,
,,,-96.499988445E-9,4.00000000,,,,,-96.499988445E-9,0.0,,,,,-96.499988445E-9,399.99998990E-6,
,,,-95.999993732E-9,4.20000029,,,,,-95.999993732E-9,0.0,,,,,-95.999993732E-9,399.99998990E-6,
,,,-95.499991914E-9,4.20000029,,,,,-95.499991914E-9,-200.00000298E-3,,,,,-95.499991914E-9,399.99998990E-6,
,,,-94.999990097E-9,4.20000029,,,,,-94.999990097E-9,0.0,,,,,-94.999990097E-9,1.1999999E-3,
,,,-94.499988279E-9,4.00000000,,,,,-94.499988279E-9,400.00000596E-3,,,,,-94.499988279E-9,1.1999999E-3,
,,,-93.999993567E-9,4.00000000,,,,,-93.999993567E-9,1.2000000,,,,,-93.999993567E-9,1.1999999E-3,
,,,-93.499991749E-9,3.79999995,,,,,-93.499991749E-9,2.0000000,,,,,-93.499991749E-9,1.1999999E-3,
,,,-92.999989931E-9,3.40000010,,,,,-92.999989931E-9,2.79999995,,,,,-92.999989931E-9,1.9999999E-3,
,,,-92.499988114E-9,2.6000001,,,,,-92.499988114E-9,3.40000010,,,,,-92.499988114E-9,1.9999999E-3,
,,,-91.999993401E-9,1.8000001,,,,,-91.999993401E-9,4.00000000,,,,,-91.999993401E-9,1.9999999E-3,
,,,-91.499991584E-9,1.000000,,,,,-91.499991584E-9,4.20000029,,,,,-91.499991584E-9,1.9999999E-3,
,,,-90.999989766E-9,400.00000596E-3,,,,,-90.999989766E-9,4.40000010,,,,,-90.999989766E-9,1.9999999E-3,
,,,-90.499987948E-9,-200.00000298E-3,,,,,-90.499987948E-9,4.40000010,,,,,-90.499987948E-9,1.1999999E-3,
,,,-89.999993236E-9,-200.00000298E-3,,,,,-89.999993236E-9,4.40000010,,,,,-89.999993236E-9,1.1999999E-3,
,,,-89.499991418E-9,-200.00000298E-3,,,,,-89.499991418E-9,4.20000029,,,,,-89.499991418E-9,1.1999999E-3,
,,,-88.999989600E-9,-200.00000298E-3,,,,,-88.999989600E-9,4.40000010,,,,,-88.999989600E-9,1.1999999E-3,
,,,-88.499987783E-9,-400.00000596E-3,,,,,-88.499987783E-9,4.40000010,,,,,-88.499987783E-9,399.99998990E-6,
,,,-87.999993070E-9,-600.000023842E-3,,,,,-87.999993070E-9,4.40000010,,,,,-87.999993070E-9,399.99998990E-6,
,,,-87.499991253E-9,-600.000023842E-3,,,,,-87.499991253E-9,4.20000029,,,,,-87.499991253E-9,399.99998990E-6,
,,,-86.999989435E-9,-400.00000596E-3,,,,,-86.999989435E-9,4.20000029,,,,,-86.999989435E-9,1.1999999E-3,
,,,-86.499994723E-9,-400.00000596E-3,,,,,-86.499994723E-9,4.20000029,,,,,-86.499994723E-9,399.99998990E-6,
,,,-85.999992905E-9,-200.00000298E-3,,,,,-85.999992905E-9,4.40000010,,,,,-85.999992905E-9,399.99998990E-6,
,,,-85.499991087E-9,-200.00000298E-3,,,,,-85.499991087E-9,4.20000029,,,,,-85.499991087E-9,399.99998990E-6,
,,,-84.999989269E-9,-200.00000298E-3,,,,,-84.999989269E-9,4.20000029,,,,,-84.999989269E-9,1.1999999E-3,
,,,-84.499994557E-9,-400.00000596E-3,,,,,-84.499994557E-9,4.00000000,,,,,-84.499994557E-9,1.1999999E-3,
,,,-83.999992739E-9,-200.00000298E-3,,,,,-83.999992739E-9,4.20000029,,,,,-83.999992739E-9,1.1999999E-3,
,,,-83.499990922E-9,-200.00000298E-3,,,,,-83.499990922E-9,3.79999995,,,,,-83.499990922E-9,1.1999999E-3,
,,,-82.999989104E-9,-200.00000298E-3,,,,,-82.999989104E-9,3.40000010,,,,,-82.999989104E-9,2.79999990E-3,
,,,-82.499994392E-9,-400.00000596E-3,,,,,-82.499994392E-9,2.6000001,,,,,-82.499994392E-9,2.79999990E-3,
,,,-81.999992574E-9,-200.00000298E-3,,,,,-81.999992574E-9,2.0000000,,,,,-81.999992574E-9,3.59999994E-3,
,,,-81.499990756E-9,-200.00000298E-3,,,,,-81.499990756E-9,1.000000,,,,,-81.499990756E-9,2.79999990E-3,
,,,-80.999988938E-9,0.0,,,,,-80.999988938E-9,400.00000596E-3,,,,,-80.999988938E-9,1.9999999E-3,
,,,-80.499994226E-9,0.0,,,,,-80.499994226E-9,-200.00000298E-3,,,,,-80.499994226E-9,399.99998990E-6,
,,,-79.999992408E-9,0.0,,,,,-79.999992408E-9,-200.00000298E-3,,,,,-79.999992408E-9,399.99998990E-6,
,,,-79.499990591E-9,-200.00000298E-3,,,,,-79.499990591E-9,-400.00000596E-3,,,,,-79.499990591E-9,-399.99998990E-6,
,,,-78.999988773E-9,0.0,,,,,-78.999988773E-9,-400.00000596E-3,,,,,-78.999988773E-9,399.99998990E-6,
,,,-78.499994061E-9,-200.00000298E-3,,,,,-78.499994061E-9,-400.00000596E-3,,,,,-78.499994061E-9,399.99998990E-6,
,,,-77.999992243E-9,0.0,,,,,-77.999992243E-9,-400.00000596E-3,,,,,-77.999992243E-9,399.99998990E-6,
,,,-77.499990425E-9,0.0,,,,,-77.499990425E-9,-400.00000596E-3,,,,,-77.499990425E-9,-399.99998990E-6,
,,,-76.999988607E-9,0.0,,,,,-76.999988607E-9,-400.00000596E-3,,,,,-76.999988607E-9,-399.99998990E-6,
,,,-76.499993895E-9,-200.00000298E-3,,,,,-76.499993895E-9,-400.00000596E-3,,,,,-76.499993895E-9,-1.9999999E-3,
,,,-75.999992077E-9,-200.00000298E-3,,,,,-75.999992077E-9,-400.00000596E-3,,,,,-75.999992077E-9,-2.79999990E-3,
,,,-75.499990260E-9,-200.00000298E-3,,,,,-75.499990260E-9,-600.000023842E-3,,,,,-75.499990260E-9,-3.59999994E-3,
,,,-74.999988442E-9,0.0,,,,,-74.999988442E-9,-400.00000596E-3,,,,,-74.999988442E-9,-2.79999990E-3,
,,,-74.499993730E-9,0.0,,,,,-74.499993730E-9,-400.00000596E-3,,,,,-74.499993730E-9,-1.9999999E-3,
,,,-73.999991912E-9,0.0,,,,,-73.999991912E-9,-200.00000298E-3,,,,,-73.999991912E-9,-1.1999999E-3,
,,,-73.499990094E-9,-200.00000298E-3,,,,,-73.499990094E-9,-400.00000596E-3,,,,,-73.499990094E-9,-1.1999999E-3,
,,,-72.999988276E-9,0.0,,,,,-72.999988276E-9,-400.00000596E-3,,,,,-72.999988276E-9,-399.99998990E-6,
,,,-72.499993564E-9,-200.00000298E-3,,,,,-72.499993564E-9,-400.00000596E-3,,,,,-72.499993564E-9,-1.1999999E-3,
,,,-71.999991746E-9,0.0,,,,,-71.999991746E-9,-200.00000298E-3,,,,,-71.999991746E-9,-1.1999999E-3,
,,,-71.499989929E-9,0.0,,,,,-71.499989929E-9,-400.00000596E-3,,,,,-71.499989929E-9,-2.79999990E-3,
,,,-70.999995216E-9,0.0,,,,,-70.999995216E-9,-400.00000596E-3,,,,,-70.999995216E-9,-2.79999990E-3,
,,,-70.499993399E-9,-200.00000298E-3,,,,,-70.499993399E-9,-400.00000596E-3,,,,,-70.499993399E-9,-3.59999994E-3,
,,,-69.999991581E-9,-200.00000298E-3,,,,,-69.999991581E-9,-200.00000298E-3,,,,,-69.999991581E-9,-3.59999994E-3,
,,,-69.499989763E-9,-200.00000298E-3,,,,,-69.499989763E-9,-200.00000298E-3,,,,,-69.499989763E-9,-4.39999998E-3,
,,,-68.999995051E-9,0.0,,,,,-68.999995051E-9,-200.00000298E-3,,,,,-68.999995051E-9,-4.39999998E-3,
,,,-68.499993233E-9,-200.00000298E-3,,,,,-68.499993233E-9,-200.00000298E-3,,,,,-68.499993233E-9,-6.00000005E-3,
,,,-67.999991415E-9,-200.00000298E-3,,,,,-67.999991415E-9,0.0,,,,,-67.999991415E-9,-6.79999962E-3,
,,,-67.499989598E-9,-200.00000298E-3,,,,,-67.499989598E-9,-200.00000298E-3,,,,,-67.499989598E-9,-9.200000204E-3,
,,,-66.999994885E-9,0.0,,,,,-66.999994885E-9,-200.00000298E-3,,,,,-66.999994885E-9,-10.7999993E-3,
,,,-66.499993068E-9,-200.00000298E-3,,,,,-66.499993068E-9,-200.00000298E-3,,,,,-66.499993068E-9,-12.3999994E-3,
,,,-65.999991250E-9,-200.00000298E-3,,,,,-65.999991250E-9,0.0,,,,,-65.999991250E-9,-11.5999999E-3,
,,,-65.499989432E-9,-200.00000298E-3,,,,,-65.499989432E-9,-200.00000298E-3,,,,,-65.499989432E-9,-11.5999999E-3,
,,,-64.999994720E-9,0.0,,,,,-64.999994720E-9,-200.00000298E-3,,,,,-64.999994720E-9,-11.5999999E-3,
,,,-64.499992902E-9,-200.00000298E-3,,,,,-64.499992902E-9,-400.00000596E-3,,,,,-64.499992902E-9,-13.1999999E-3,
,,,-63.999991085E-9,-200.00000298E-3,,,,,-63.999991085E-9,-200.00000298E-3,,,,,-63.999991085E-9,-14.8000000E-3,
,,,-63.499989267E-9,-400.00000596E-3,,,,,-63.499989267E-9,-200.00000298E-3,,,,,-63.499989267E-9,-17.9999992E-3,
,,,-62.999994555E-9,-200.00000298E-3,,,,,-62.999994555E-9,-200.00000298E-3,,,,,-62.999994555E-9,-19.6000002E-3,
,,,-62.499992737E-9,-200.00000298E-3,,,,,-62.499992737E-9,-400.00000596E-3,,,,,-62.499992737E-9,-21.19999938E-3,
,,,-61.999990919E-9,0.0,,,,,-61.999990919E-9,-200.00000298E-3,,,,,-61.999990919E-9,-21.19999938E-3,
,,,-61.499989101E-9,0.0,,,,,-61.499989101E-9,-400.00000596E-3,,,,,-61.499989101E-9,-21.99999988E-3,
,,,-60.999994389E-9,0.0,,,,,-60.999994389E-9,-200.00000298E-3,,,,,-60.999994389E-9,-21.99999988E-3,
,,,-60.499992571E-9,-200.00000298E-3,,,,,-60.499992571E-9,-200.00000298E-3,,,,,-60.499992571E-9,-23.59999903E-3,
,,,-59.999990754E-9,-200.00000298E-3,,,,,-59.999990754E-9,-200.00000298E-3,,,,,-59.999990754E-9,-25.20000003E-3,
,,,-59.499992489E-9,-200.00000298E-3,,,,,-59.499992489E-9,-400.00000596E-3,,,,,-59.499992489E-9,-26.79999918E-3,
,,,-58.999990671E-9,0.0,,,,,-58.999990671E-9,-200.00000298E-3,,,,,-58.999990671E-9,-27.59999968E-3,
,,,-58.499992406E-9,0.0,,,,,-58.499992406E-9,-200.00000298E-3,,,,,-58.499992406E-9,-29.19999883E-3,
,,,-57.999990588E-9,0.0,,,,,-57.999990588E-9,0.0,,,,,-57.999990588E-9,-29.19999883E-3,
,,,-57.499992323E-9,-200.00000298E-3,,,,,-57.499992323E-9,-200.00000298E-3,,,,,-57.499992323E-9,-29.19999883E-3,
,,,-56.999990505E-9,-200.00000298E-3,,,,,-56.999990505E-9,-200.00000298E-3,,,,,-56.999990505E-9,-28.40000018E-3,
,,,-56.499992240E-9,-400.00000596E-3,,,,,-56.499992240E-9,-200.00000298E-3,,,,,-56.499992240E-9,-28.40000018E-3,
,,,-55.999990423E-9,-200.00000298E-3,,,,,-55.999990423E-9,0.0,,,,,-55.999990423E-9,-28.40000018E-3,
,,,-55.499992158E-9,-200.00000298E-3,,,,,-55.499992158E-9,0.0,,,,,-55.499992158E-9,-28.40000018E-3,
,,,-54.999993893E-9,-200.00000298E-3,,,,,-54.999993893E-9,0.0,,,,,-54.999993893E-9,-28.40000018E-3,
,,,-54.49999207E-9,-400.00000596E-3,,,,,-54.49999207E-9,-200.00000298E-3,,,,,-54.49999207E-9,-29.19999883E-3,
,,,-53.99999381E-9,-200.00000298E-3,,,,,-53.99999381E-9,0.0,,,,,-53.99999381E-9,-29.19999883E-3,
,,,-53.49999199E-9,-200.00000298E-3,,,,,-53.49999199E-9,-200.00000298E-3,,,,,-53.49999199E-9,-29.99999933E-3,
,,,-52.99999373E-9,0.0,,,,,-52.99999373E-9,-200.00000298E-3,,,,,-52.99999373E-9,-29.19999883E-3,
,,,-52.49999191E-9,-200.00000298E-3,,,,,-52.49999191E-9,-400.00000596E-3,,,,,-52.49999191E-9,-29.19999883E-3,
,,,-51.99999364E-9,-200.00000298E-3,,,,,-51.99999364E-9,-200.00000298E-3,,,,,-51.99999364E-9,-28.40000018E-3,
,,,-51.49999183E-9,-200.00000298E-3,,,,,-51.49999183E-9,-200.00000298E-3,,,,,-51.49999183E-9,-29.19999883E-3,
,,,-50.99999356E-9,0.0,,,,,-50.99999356E-9,0.0,,,,,-50.99999356E-9,-29.19999883E-3,
,,,-50.49999174E-9,-200.00000298E-3,,,,,-50.49999174E-9,-200.00000298E-3,,,,,-50.49999174E-9,-30.79999983E-3,
,,,-49.99999348E-9,-200.00000298E-3,,,,,-49.99999348E-9,-200.00000298E-3,,,,,-49.99999348E-9,-31.59999847E-3,
,,,-49.49999166E-9,-200.00000298E-3,,,,,-49.49999166E-9,-400.00000596E-3,,,,,-49.49999166E-9,-33.19999948E-3,
,,,-48.99999340E-9,0.0,,,,,-48.99999340E-9,-200.00000298E-3,,,,,-48.99999340E-9,-33.99999812E-3,
,,,-48.49999158E-9,-200.00000298E-3,,,,,-48.49999158E-9,-200.00000298E-3,,,,,-48.49999158E-9,-35.59999913E-3,
,,,-47.99999331E-9,-200.00000298E-3,,,,,-47.99999331E-9,-200.00000298E-3,,,,,-47.99999331E-9,-35.59999913E-3,
,,,-47.49999150E-9,-200.00000298E-3,,,,,-47.49999150E-9,-400.00000596E-3,,,,,-47.49999150E-9,-36.39999777E-3,
,,,-46.99999323E-9,0.0,,,,,-46.99999323E-9,-200.00000298E-3,,,,,-46.99999323E-9,-35.59999913E-3,
,,,-46.49999141E-9,0.0,,,,,-46.49999141E-9,-200.00000298E-3,,,,,-46.49999141E-9,-35.59999913E-3,
,,,-45.99999315E-9,0.0,,,,,-45.99999315E-9,-200.00000298E-3,,,,,-45.99999315E-9,-34.80000049E-3,
,,,-45.49999133E-9,0.0,,,,,-45.49999133E-9,-400.00000596E-3,,,,,-45.49999133E-9,-35.59999913E-3,
,,,-44.99999307E-9,0.0,,,,,-44.99999307E-9,-200.00000298E-3,,,,,-44.99999307E-9,-35.59999913E-3,
,,,-44.49999125E-9,-200.00000298E-3,,,,,-44.49999125E-9,-200.00000298E-3,,,,,-44.49999125E-9,-36.39999777E-3,
,,,-43.99999298E-9,-200.00000298E-3,,,,,-43.99999298E-9,0.0,,,,,-43.99999298E-9,-35.59999913E-3,
,,,-43.49999116E-9,-200.00000298E-3,,,,,-43.49999116E-9,0.0,,,,,-43.49999116E-9,-35.59999913E-3,
,,,-42.99999290E-9,0.0,,,,,-42.99999290E-9,0.0,,,,,-42.99999290E-9,-33.99999812E-3,
,,,-42.49999108E-9,0.0,,,,,-42.49999108E-9,0.0,,,,,-42.49999108E-9,-33.19999948E-3,
,,,-41.99999282E-9,0.0,,,,,-41.99999282E-9,0.0,,,,,-41.99999282E-9,-31.59999847E-3,
,,,-41.49999100E-9,-200.00000298E-3,,,,,-41.49999100E-9,-200.00000298E-3,,,,,-41.49999100E-9,-30.79999983E-3,
,,,-40.99999273E-9,0.0,,,,,-40.99999273E-9,-200.00000298E-3,,,,,-40.99999273E-9,-29.99999933E-3,
,,,-40.49999092E-9,-200.00000298E-3,,,,,-40.49999092E-9,-200.00000298E-3,,,,,-40.49999092E-9,-29.99999933E-3,
,,,-39.99999265E-9,0.0,,,,,-39.99999265E-9,0.0,,,,,-39.99999265E-9,-29.99999933E-3,
,,,-39.49999439E-9,0.0,,,,,-39.49999439E-9,-200.00000298E-3,,,,,-39.49999439E-9,-31.59999847E-3,
,,,-38.99999257E-9,0.0,,,,,-38.99999257E-9,-200.00000298E-3,,,,,-38.99999257E-9,-31.59999847E-3,
,,,-38.49999430E-9,-200.00000298E-3,,,,,-38.49999430E-9,-200.00000298E-3,,,,,-38.49999430E-9,-31.59999847E-3,
,,,-37.99999249E-9,-200.00000298E-3,,,,,-37.99999249E-9,0.0,,,,,-37.99999249E-9,-30.79999983E-3,
,,,-37.49999422E-9,-200.00000298E-3,,,,,-37.49999422E-9,-200.00000298E-3,,,,,-37.49999422E-9,-29.99999933E-3,
,,,-36.99999240E-9,0.0,,,,,-36.99999240E-9,-200.00000298E-3,,,,,-36.99999240E-9,-29.19999883E-3,
,,,-36.49999414E-9,-200.00000298E-3,,,,,-36.49999414E-9,-200.00000298E-3,,,,,-36.49999414E-9,-28.40000018E-3,
,,,-35.99999232E-9,-200.00000298E-3,,,,,-35.99999232E-9,0.0,,,,,-35.99999232E-9,-27.59999968E-3,
,,,-35.49999406E-9,-200.00000298E-3,,,,,-35.49999406E-9,-200.00000298E-3,,,,,-35.49999406E-9,-27.59999968E-3,
,,,-34.99999224E-9,0.0,,,,,-34.99999224E-9,-200.00000298E-3,,,,,-34.99999224E-9,-26.79999918E-3,
,,,-34.49999397E-9,-200.00000298E-3,,,,,-34.49999397E-9,-400.00000596E-3,,,,,-34.49999397E-9,-26.79999918E-3,
,,,-33.99999216E-9,-200.00000298E-3,,,,,-33.99999216E-9,-200.00000298E-3,,,,,-33.99999216E-9,-25.20000003E-3,
,,,-33.49999389E-9,-200.00000298E-3,,,,,-33.49999389E-9,-200.00000298E-3,,,,,-33.49999389E-9,-24.39999953E-3,
,,,-32.99999207E-9,0.0,,,,,-32.99999207E-9,-200.00000298E-3,,,,,-32.99999207E-9,-22.79999852E-3,
,,,-32.49999381E-9,-200.00000298E-3,,,,,-32.49999381E-9,-200.00000298E-3,,,,,-32.49999381E-9,-21.99999988E-3,
,,,-31.99999199E-9,-200.00000298E-3,,,,,-31.99999199E-9,-200.00000298E-3,,,,,-31.99999199E-9,-20.39999887E-3,
,,,-31.49999372E-9,-200.00000298E-3,,,,,-31.49999372E-9,-400.00000596E-3,,,,,-31.49999372E-9,-20.39999887E-3,
,,,-30.99999191E-9,0.0,,,,,-30.99999191E-9,-200.00000298E-3,,,,,-30.99999191E-9,-20.39999887E-3,
,,,-30.49999364E-9,0.0,,,,,-30.49999364E-9,-200.00000298E-3,,,,,-30.49999364E-9,-21.19999938E-3,
,,,-29.99999182E-9,0.0,,,,,-29.99999182E-9,0.0,,,,,-29.99999182E-9,-20.39999887E-3,
,,,-29.49999356E-9,-200.00000298E-3,,,,,-29.49999356E-9,-200.00000298E-3,,,,,-29.49999356E-9,-20.39999887E-3,
,,,-28.99999352E-9,-200.00000298E-3,,,,,-28.99999352E-9,-200.00000298E-3,,,,,-28.99999352E-9,-20.39999887E-3,
,,,-28.49999348E-9,-400.00000596E-3,,,,,-28.49999348E-9,-400.00000596E-3,,,,,-28.49999348E-9,-21.19999938E-3,
,,,-27.99999343E-9,-200.00000298E-3,,,,,-27.99999343E-9,-200.00000298E-3,,,,,-27.99999343E-9,-20.39999887E-3,
,,,-27.49999339E-9,-200.00000298E-3,,,,,-27.49999339E-9,-400.00000596E-3,,,,,-27.49999339E-9,-20.39999887E-3,
,,,-26.99999335E-9,0.0,,,,,-26.99999335E-9,-200.00000298E-3,,,,,-26.99999335E-9,-20.39999887E-3,
,,,-26.49999331E-9,-200.00000298E-3,,,,,-26.49999331E-9,-200.00000298E-3,,,,,-26.49999331E-9,-21.99999988E-3,
,,,-25.99999327E-9,-200.00000298E-3,,,,,-25.99999327E-9,0.0,,,,,-25.99999327E-9,-23.59999903E-3,
,,,-25.49999323E-9,-200.00000298E-3,,,,,-25.49999323E-9,-200.00000298E-3,,,,,-25.49999323E-9,-25.20000003E-3,
,,,-24.99999319E-9,0.0,,,,,-24.99999319E-9,-200.00000298E-3,,,,,-24.99999319E-9,-25.20000003E-3,
,,,-24.49999315E-9,0.0,,,,,-24.49999315E-9,-200.00000298E-3,,,,,-24.49999315E-9,-25.99999867E-3,
,,,-23.99999310E-9,0.0,,,,,-23.99999310E-9,0.0,,,,,-23.99999310E-9,-25.20000003E-3,
,,,-23.49999306E-9,-200.00000298E-3,,,,,-23.49999306E-9,-200.00000298E-3,,,,,-23.49999306E-9,-25.20000003E-3,
,,,-22.99999302E-9,0.0,,,,,-22.99999302E-9,-200.00000298E-3,,,,,-22.99999302E-9,-25.20000003E-3,
,,,-22.49999298E-9,-200.00000298E-3,,,,,-22.49999298E-9,-200.00000298E-3,,,,,-22.49999298E-9,-25.99999867E-3,
,,,-21.99999294E-9,0.0,,,,,-21.99999294E-9,0.0,,,,,-21.99999294E-9,-26.79999918E-3,
,,,-21.49999290E-9,0.0,,,,,-21.49999290E-9,0.0,,,,,-21.49999290E-9,-28.40000018E-3,
,,,-20.99999286E-9,0.0,,,,,-20.99999286E-9,0.0,,,,,-20.99999286E-9,-29.19999883E-3,
,,,-20.49999281E-9,-200.00000298E-3,,,,,-20.49999281E-9,0.0,,,,,-20.49999281E-9,-30.79999983E-3,
,,,-19.9999928E-9,-200.00000298E-3,,,,,-19.9999928E-9,0.0,,,,,-19.9999928E-9,-30.79999983E-3,
,,,-19.4999927E-9,-200.00000298E-3,,,,,-19.4999927E-9,-200.00000298E-3,,,,,-19.4999927E-9,-32.40000084E-3,
,,,-18.9999927E-9,0.0,,,,,-18.9999927E-9,-200.00000298E-3,,,,,-18.9999927E-9,-32.40000084E-3,
,,,-18.4999926E-9,0.0,,,,,-18.4999926E-9,-400.00000596E-3,,,,,-18.4999926E-9,-33.19999948E-3,
,,,-17.9999926E-9,0.0,,,,,-17.9999926E-9,-200.00000298E-3,,,,,-17.9999926E-9,-33.19999948E-3,
,,,-17.4999926E-9,0.0,,,,,-17.4999926E-9,-200.00000298E-3,,,,,-17.4999926E-9,-34.80000049E-3,
,,,-16.9999925E-9,200.00000298E-3,,,,,-16.9999925E-9,0.0,,,,,-16.9999925E-9,-35.59999913E-3,
,,,-16.4999925E-9,0.0,,,,,-16.4999925E-9,0.0,,,,,-16.4999925E-9,-37.20000014E-3,
,,,-15.9999942E-9,0.0,,,,,-15.9999942E-9,0.0,,,,,-15.9999942E-9,-37.20000014E-3,
,,,-15.4999942E-9,-200.00000298E-3,,,,,-15.4999942E-9,-200.00000298E-3,,,,,-15.4999942E-9,-37.99999878E-3,
,,,-14.9999941E-9,0.0,,,,,-14.9999941E-9,-200.00000298E-3,,,,,-14.9999941E-9,-37.20000014E-3,
,,,-14.4999932E-9,0.0,,,,,-14.4999932E-9,-200.00000298E-3,,,,,-14.4999932E-9,-37.20000014E-3,
,,,-13.9999932E-9,0.0,,,,,-13.9999932E-9,0.0,,,,,-13.9999932E-9,-37.20000014E-3,
,,,-13.4999931E-9,0.0,,,,,-13.4999931E-9,-200.00000298E-3,,,,,-13.4999931E-9,-37.20000014E-3,
,,,-12.9999931E-9,0.0,,,,,-12.9999931E-9,-200.00000298E-3,,,,,-12.9999931E-9,-37.20000014E-3,
,,,-12.4999930E-9,-200.00000298E-3,,,,,-12.4999930E-9,-400.00000596E-3,,,,,-12.4999930E-9,-37.99999878E-3,
,,,-11.9999939E-9,-200.00000298E-3,,,,,-11.9999939E-9,-200.00000298E-3,,,,,-11.9999939E-9,-37.99999878E-3,
,,,-11.4999938E-9,-200.00000298E-3,,,,,-11.4999938E-9,-200.00000298E-3,,,,,-11.4999938E-9,-38.79999742E-3,
,,,-10.9999938E-9,0.0,,,,,-10.9999938E-9,-200.00000298E-3,,,,,-10.9999938E-9,-37.99999878E-3,
,,,-10.4999938E-9,0.0,,,,,-10.4999938E-9,-200.00000298E-3,,,,,-10.4999938E-9,-37.99999878E-3,
,,,-9.999993722E-9,0.0,,,,,-9.999993722E-9,-200.00000298E-3,,,,,-9.999993722E-9,-36.39999777E-3,
,,,-9.499993681E-9,-200.00000298E-3,,,,,-9.499993681E-9,-400.00000596E-3,,,,,-9.499993681E-9,-35.59999913E-3,
,,,-8.999993639E-9,0.0,,,,,-8.999993639E-9,-200.00000298E-3,,,,,-8.999993639E-9,-34.80000049E-3,
,,,-8.499993598E-9,-200.00000298E-3,,,,,-8.499993598E-9,-200.00000298E-3,,,,,-8.499993598E-9,-35.59999913E-3,
,,,-7.999993556E-9,0.0,,,,,-7.999993556E-9,0.0,,,,,-7.999993556E-9,-35.59999913E-3,
,,,-7.499993515E-9,0.0,,,,,-7.499993515E-9,-200.00000298E-3,,,,,-7.499993515E-9,-36.39999777E-3,
,,,-6.99999347E-9,0.0,,,,,-6.99999347E-9,-200.00000298E-3,,,,,-6.99999347E-9,-35.59999913E-3,
,,,-6.49999343E-9,-200.00000298E-3,,,,,-6.49999343E-9,-200.00000298E-3,,,,,-6.49999343E-9,-34.80000049E-3,
,,,-5.99999339E-9,-200.00000298E-3,,,,,-5.99999339E-9,0.0,,,,,-5.99999339E-9,-33.99999812E-3,
,,,-5.49999379E-9,-200.00000298E-3,,,,,-5.49999379E-9,0.0,,,,,-5.49999379E-9,-33.99999812E-3,
,,,-4.99999375E-9,0.0,,,,,-4.99999375E-9,0.0,,,,,-4.99999375E-9,-33.99999812E-3,
,,,-4.49999371E-9,0.0,,,,,-4.49999371E-9,-200.00000298E-3,,,,,-4.49999371E-9,-33.99999812E-3,
,,,-3.99999367E-9,0.0,,,,,-3.99999367E-9,-200.00000298E-3,,,,,-3.99999367E-9,-33.99999812E-3,
,,,-3.49999363E-9,0.0,,,,,-3.49999363E-9,-200.00000298E-3,,,,,-3.49999363E-9,-34.80000049E-3,
,,,-2.99999359E-9,0.0,,,,,-2.99999359E-9,0.0,,,,,-2.99999359E-9,-35.59999913E-3,
,,,-2.4999938E-9,-200.00000298E-3,,,,,-2.4999938E-9,0.0,,,,,-2.4999938E-9,-37.20000014E-3,
,,,-1.9999937E-9,-200.00000298E-3,,,,,-1.9999937E-9,0.0,,,,,-1.9999937E-9,-37.20000014E-3,
,,,-1.4999937E-9,-200.00000298E-3,,,,,-1.4999937E-9,-200.00000298E-3,,,,,-1.4999937E-9,-37.99999878E-3,
,,,-999.993750373E-12,0.0,,,,,-999.993750373E-12,0.0,,,,,-999.993750373E-12,-37.99999878E-3,
,,,-499.993766562E-12,0.0,,,,,-499.993766562E-12,0.0,,,,,-499.993766562E-12,-38.79999742E-3,
,,,6.21724886E-15,0.0,,,,,6.21724886E-15,0.0,,,,,6.21724886E-15,-39.59999979E-3,
,,,500.006201060E-12,-200.00000298E-3,,,,,500.006201060E-12,0.0,,,,,500.006201060E-12,-41.20000079E-3,
,,,1.0000062E-9,0.0,,,,,1.0000062E-9,0.0,,,,,1.0000062E-9,-41.20000079E-3,
,,,1.5000061E-9,0.0,,,,,1.5000061E-9,0.0,,,,,1.5000061E-9,-41.99999943E-3,
,,,2.0000062E-9,0.0,,,,,2.0000062E-9,200.00000298E-3,,,,,2.0000062E-9,-41.99999943E-3,
,,,2.5000062E-9,-200.00000298E-3,,,,,2.5000062E-9,600.000023842E-3,,,,,2.5000062E-9,-41.99999943E-3,
,,,3.00000602E-9,0.0,,,,,3.00000602E-9,1.4000000,,,,,3.00000602E-9,-41.99999943E-3,
,,,3.50000606E-9,0.0,,,,,3.50000606E-9,2.2000000,,,,,3.50000606E-9,-42.79999807E-3,
,,,4.00000610E-9,0.0,,,,,4.00000610E-9,3.20000005,,,,,4.00000610E-9,-42.79999807E-3,
,,,4.50000615E-9,0.0,,,,,4.50000615E-9,3.60000014,,,,,4.50000615E-9,-42.79999807E-3,
,,,5.00000619E-9,0.0,,,,,5.00000619E-9,4.00000000,,,,,5.00000619E-9,-41.99999943E-3,
,,,5.50000623E-9,-200.00000298E-3,,,,,5.50000623E-9,4.20000029,,,,,5.50000623E-9,-41.99999943E-3,
,,,6.00000583E-9,0.0,,,,,6.00000583E-9,4.40000010,,,,,6.00000583E-9,-41.99999943E-3,
,,,6.50000587E-9,0.0,,,,,6.50000587E-9,4.40000010,,,,,6.50000587E-9,-42.79999807E-3,
,,,7.00000591E-9,0.0,,,,,7.00000591E-9,4.40000010,,,,,7.00000591E-9,-42.79999807E-3,
,,,7.500005950E-9,-200.00000298E-3,,,,,7.500005950E-9,4.20000029,,,,,7.500005950E-9,-42.79999807E-3,
,,,8.000005991E-9,0.0,,,,,8.000005991E-9,4.40000010,,,,,8.000005991E-9,-41.99999943E-3,
,,,8.500006032E-9,0.0,,,,,8.500006032E-9,4.20000029,,,,,8.500006032E-9,-41.99999943E-3,
,,,9.000006074E-9,0.0,,,,,9.000006074E-9,4.40000010,,,,,9.000006074E-9,-41.99999943E-3,
,,,9.500006115E-9,-200.00000298E-3,,,,,9.500006115E-9,4.20000029,,,,,9.500006115E-9,-41.99999943E-3,
,,,10.0000062E-9,-200.00000298E-3,,,,,10.0000062E-9,4.40000010,,,,,10.0000062E-9,-41.20000079E-3,
,,,10.5000062E-9,-200.00000298E-3,,,,,10.5000062E-9,4.20000029,,,,,10.5000062E-9,-41.99999943E-3,
,,,11.0000062E-9,0.0,,,,,11.0000062E-9,4.40000010,,,,,11.0000062E-9,-41.20000079E-3,
,,,11.5000063E-9,-200.00000298E-3,,,,,11.5000063E-9,4.40000010,,,,,11.5000063E-9,-40.39999843E-3,
,,,12.0000063E-9,-200.00000298E-3,,,,,12.0000063E-9,4.40000010,,,,,12.0000063E-9,-37.99999878E-3,
,,,12.5000055E-9,-200.00000298E-3,,,,,12.5000055E-9,4.20000029,,,,,12.5000055E-9,-36.39999777E-3,
,,,13.0000055E-9,0.0,,,,,13.0000055E-9,4.00000000,,,,,13.0000055E-9,-34.80000049E-3,
,,,13.5000056E-9,-200.00000298E-3,,,,,13.5000056E-9,3.60000014,,,,,13.5000056E-9,-33.99999812E-3,
,,,14.0000056E-9,-200.00000298E-3,,,,,14.0000056E-9,3.20000005,,,,,14.0000056E-9,-32.40000084E-3,
,,,14.5000056E-9,-200.00000298E-3,,,,,14.5000056E-9,2.2000000,,,,,14.5000056E-9,-32.40000084E-3,
,,,15.0000066E-9,0.0,,,,,15.0000066E-9,1.4000000,,,,,15.0000066E-9,-31.59999847E-3,
,,,15.5000066E-9,-200.00000298E-3,,,,,15.5000066E-9,600.000023842E-3,,,,,15.5000066E-9,-31.59999847E-3,
,,,16.0000049E-9,-200.00000298E-3,,,,,16.0000049E-9,200.00000298E-3,,,,,16.0000049E-9,-29.99999933E-3,
,,,16.5000049E-9,-200.00000298E-3,,,,,16.5000049E-9,-200.00000298E-3,,,,,16.5000049E-9,-29.19999883E-3,
,,,17.0000050E-9,0.0,,,,,17.0000050E-9,-200.00000298E-3,,,,,17.0000050E-9,-26.79999918E-3,
,,,17.5000050E-9,0.0,,,,,17.5000050E-9,-200.00000298E-3,,,,,17.5000050E-9,-25.99999867E-3,
,,,18.0000050E-9,0.0,,,,,18.0000050E-9,-200.00000298E-3,,,,,18.0000050E-9,-24.39999953E-3,
,,,18.5000051E-9,-200.00000298E-3,,,,,18.5000051E-9,-400.00000596E-3,,,,,18.5000051E-9,-25.20000003E-3,
,,,19.0000051E-9,0.0,,,,,19.0000051E-9,-400.00000596E-3,,,,,19.0000051E-9,-25.20000003E-3,
,,,19.5000052E-9,0.0,,,,,19.5000052E-9,-600.000023842E-3,,,,,19.5000052E-9,-26.79999918E-3,
,,,20.0000052E-9,0.0,,,,,20.0000052E-9,-400.00000596E-3,,,,,20.0000052E-9,-26.79999918E-3,
,,,20.50000525E-9,-200.00000298E-3,,,,,20.50000525E-9,-400.00000596E-3,,,,,20.50000525E-9,-27.59999968E-3,
,,,21.00000529E-9,0.0,,,,,21.00000529E-9,-200.00000298E-3,,,,,21.00000529E-9,-27.59999968E-3,
,,,21.50000533E-9,0.0,,,,,21.50000533E-9,-200.00000298E-3,,,,,21.50000533E-9,-27.59999968E-3,
,,,22.00000537E-9,0.0,,,,,22.00000537E-9,-200.00000298E-3,,,,,22.00000537E-9,-26.79999918E-3,
,,,22.50000541E-9,0.0,,,,,22.50000541E-9,-400.00000596E-3,,,,,22.50000541E-9,-27.59999968E-3,
,,,23.00000546E-9,0.0,,,,,23.00000546E-9,-200.00000298E-3,,,,,23.00000546E-9,-28.40000018E-3,
,,,23.50000550E-9,-200.00000298E-3,,,,,23.50000550E-9,-200.00000298E-3,,,,,23.50000550E-9,-29.19999883E-3,
,,,24.00000554E-9,0.0,,,,,24.00000554E-9,-200.00000298E-3,,,,,24.00000554E-9,-28.40000018E-3,
,,,24.50000558E-9,0.0,,,,,24.50000558E-9,-400.00000596E-3,,,,,24.50000558E-9,-28.40000018E-3,
,,,25.00000562E-9,0.0,,,,,25.00000562E-9,-200.00000298E-3,,,,,25.00000562E-9,-27.59999968E-3,
,,,25.50000566E-9,-200.00000298E-3,,,,,25.50000566E-9,-200.00000298E-3,,,,,25.50000566E-9,-27.59999968E-3,
,,,26.00000570E-9,0.0,,,,,26.00000570E-9,-200.00000298E-3,,,,,26.00000570E-9,-27.59999968E-3,
,,,26.50000575E-9,0.0,,,,,26.50000575E-9,-400.00000596E-3,,,,,26.50000575E-9,-29.19999883E-3,
,,,27.00000579E-9,0.0,,,,,27.00000579E-9,-200.00000298E-3,,,,,27.00000579E-9,-29.99999933E-3,
,,,27.50000583E-9,-200.00000298E-3,,,,,27.50000583E-9,-200.00000298E-3,,,,,27.50000583E-9,-31.59999847E-3,
,,,28.00000587E-9,-200.00000298E-3,,,,,28.00000587E-9,-200.00000298E-3,,,,,28.00000587E-9,-31.59999847E-3,
,,,28.50000591E-9,-200.00000298E-3,,,,,28.50000591E-9,-400.00000596E-3,,,,,28.50000591E-9,-32.40000084E-3,
,,,29.00000595E-9,0.0,,,,,29.00000595E-9,-200.00000298E-3,,,,,29.00000595E-9,-32.40000084E-3,
,,,29.50000599E-9,-200.00000298E-3,,,,,29.50000599E-9,-200.00000298E-3,,,,,29.50000599E-9,-33.99999812E-3,
,,,30.00000603E-9,-200.00000298E-3,,,,,30.00000603E-9,0.0,,,,,30.00000603E-9,-34.80000049E-3,
,,,30.50000430E-9,-200.00000298E-3,,,,,30.50000430E-9,-200.00000298E-3,,,,,30.50000430E-9,-36.39999777E-3,
,,,31.00000612E-9,0.0,,,,,31.00000612E-9,-200.00000298E-3,,,,,31.00000612E-9,-36.39999777E-3,
,,,31.50000438E-9,0.0,,,,,31.50000438E-9,-200.00000298E-3,,,,,31.50000438E-9,-36.39999777E-3,
,,,32.00000620E-9,0.0,,,,,32.00000620E-9,0.0,,,,,32.00000620E-9,-34.80000049E-3,
,,,32.50000447E-9,-200.00000298E-3,,,,,32.50000447E-9,-200.00000298E-3,,,,,32.50000447E-9,-34.80000049E-3,
,,,33.00000628E-9,0.0,,,,,33.00000628E-9,-200.00000298E-3,,,,,33.00000628E-9,-33.99999812E-3,
,,,33.50000455E-9,-200.00000298E-3,,,,,33.50000455E-9,-400.00000596E-3,,,,,33.50000455E-9,-34.80000049E-3,
,,,34.00000637E-9,0.0,,,,,34.00000637E-9,-200.00000298E-3,,,,,34.00000637E-9,-34.80000049E-3,
,,,34.50000463E-9,0.0,,,,,34.50000463E-9,-200.00000298E-3,,,,,34.50000463E-9,-35.59999913E-3,
,,,35.00000645E-9,0.0,,,,,35.00000645E-9,-200.00000298E-3,,,,,35.00000645E-9,-35.59999913E-3,
,,,35.50000471E-9,-200.00000298E-3,,,,,35.50000471E-9,-200.00000298E-3,,,,,35.50000471E-9,-35.59999913E-3,
,,,36.00000653E-9,-200.00000298E-3,,,,,36.00000653E-9,-200.00000298E-3,,,,,36.00000653E-9,-35.59999913E-3,
,,,36.50000480E-9,-200.00000298E-3,,,,,36.50000480E-9,-400.00000596E-3,,,,,36.50000480E-9,-36.39999777E-3,
,,,37.00000661E-9,0.0,,,,,37.00000661E-9,-200.00000298E-3,,,,,37.00000661E-9,-36.39999777E-3,
,,,37.50000488E-9,-200.00000298E-3,,,,,37.50000488E-9,-200.00000298E-3,,,,,37.50000488E-9,-36.39999777E-3,
,,,38.00000670E-9,-200.00000298E-3,,,,,38.00000670E-9,0.0,,,,,38.00000670E-9,-36.39999777E-3,
,,,38.50000496E-9,-200.00000298E-3,,,,,38.50000496E-9,-200.00000298E-3,,,,,38.50000496E-9,-37.20000014E-3,
,,,39.00000678E-9,0.0,,,,,39.00000678E-9,-200.00000298E-3,,,,,39.00000678E-9,-37.99999878E-3,
,,,39.50000504E-9,0.0,,,,,39.50000504E-9,-400.00000596E-3,,,,,39.50000504E-9,-39.59999979E-3,
,,,40.00000331E-9,0.0,,,,,40.00000331E-9,-200.00000298E-3,,,,,40.00000331E-9,-39.59999979E-3,
,,,40.50000513E-9,0.0,,,,,40.50000513E-9,-200.00000298E-3,,,,,40.50000513E-9,-39.59999979E-3,
,,,41.00000339E-9,0.0,,,,,41.00000339E-9,-200.00000298E-3,,,,,41.00000339E-9,-38.79999742E-3,
,,,41.50000521E-9,-200.00000298E-3,,,,,41.50000521E-9,-400.00000596E-3,,,,,41.50000521E-9,-37.99999878E-3,
,,,42.00000348E-9,-200.00000298E-3,,,,,42.00000348E-9,-200.00000298E-3,,,,,42.00000348E-9,-35.59999913E-3,
,,,42.50000529E-9,-200.00000298E-3,,,,,42.50000529E-9,-400.00000596E-3,,,,,42.50000529E-9,-34.80000049E-3,
,,,43.00000356E-9,0.0,,,,,43.00000356E-9,-200.00000298E-3,,,,,43.00000356E-9,-34.80000049E-3,
,,,43.50000538E-9,0.0,,,,,43.50000538E-9,-200.00000298E-3,,,,,43.50000538E-9,-36.39999777E-3,
,,,44.00000364E-9,0.0,,,,,44.00000364E-9,-200.00000298E-3,,,,,44.00000364E-9,-37.20000014E-3,
,,,44.50000546E-9,-200.00000298E-3,,,,,44.50000546E-9,-400.00000596E-3,,,,,44.50000546E-9,-38.79999742E-3,
,,,45.00000372E-9,0.0,,,,,45.00000372E-9,-200.00000298E-3,,,,,45.00000372E-9,-37.99999878E-3,
,,,45.50000554E-9,0.0,,,,,45.50000554E-9,-200.00000298E-3,,,,,45.50000554E-9,-37.99999878E-3,
,,,46.00000381E-9,0.0,,,,,46.00000381E-9,0.0,,,,,46.00000381E-9,-36.39999777E-3,
,,,46.50000562E-9,0.0,,,,,46.50000562E-9,-200.00000298E-3,,,,,46.50000562E-9,-35.59999913E-3,
,,,47.00000389E-9,0.0,,,,,47.00000389E-9,-200.00000298E-3,,,,,47.00000389E-9,-34.80000049E-3,
,,,47.50000571E-9,-200.00000298E-3,,,,,47.50000571E-9,-200.00000298E-3,,,,,47.50000571E-9,-34.80000049E-3,
,,,48.00000397E-9,0.0,,,,,48.00000397E-9,0.0,,,,,48.00000397E-9,-34.80000049E-3,
,,,48.50000579E-9,0.0,,,,,48.50000579E-9,-200.00000298E-3,,,,,48.50000579E-9,-36.39999777E-3,
,,,49.00000405E-9,0.0,,,,,49.00000405E-9,-200.00000298E-3,,,,,49.00000405E-9,-36.39999777E-3,
,,,49.50000587E-9,-200.00000298E-3,,,,,49.50000587E-9,-400.00000596E-3,,,,,49.50000587E-9,-37.20000014E-3,
,,,50.00000414E-9,-200.00000298E-3,,,,,50.00000414E-9,-200.00000298E-3,,,,,50.00000414E-9,-36.39999777E-3,
,,,50.50000595E-9,-200.00000298E-3,,,,,50.50000595E-9,-200.00000298E-3,,,,,50.50000595E-9,-37.20000014E-3,
,,,51.00000422E-9,0.0,,,,,51.00000422E-9,-200.00000298E-3,,,,,51.00000422E-9,-37.20000014E-3,
,,,51.50000604E-9,0.0,,,,,51.50000604E-9,-400.00000596E-3,,,,,51.50000604E-9,-37.99999878E-3,
,,,52.00000430E-9,0.0,,,,,52.00000430E-9,-200.00000298E-3,,,,,52.00000430E-9,-38.79999742E-3,
,,,52.50000612E-9,0.0,,,,,52.50000612E-9,-200.00000298E-3,,,,,52.50000612E-9,-40.39999843E-3,
,,,53.00000439E-9,0.0,,,,,53.00000439E-9,-200.00000298E-3,,,,,53.00000439E-9,-40.39999843E-3,
,,,53.50000620E-9,-200.00000298E-3,,,,,53.50000620E-9,-400.00000596E-3,,,,,53.50000620E-9,-41.20000079E-3,
,,,54.00000447E-9,-200.00000298E-3,,,,,54.00000447E-9,-200.00000298E-3,,,,,54.00000447E-9,-41.20000079E-3,
,,,54.50000629E-9,-200.00000298E-3,,,,,54.50000629E-9,-200.00000298E-3,,,,,54.50000629E-9,-41.99999943E-3,
,,,55.000004551E-9,0.0,,,,,55.000004551E-9,-200.00000298E-3,,,,,55.000004551E-9,-41.99999943E-3,
,,,55.500006368E-9,-200.00000298E-3,,,,,55.500006368E-9,-400.00000596E-3,,,,,55.500006368E-9,-42.79999807E-3,
,,,56.000004633E-9,-200.00000298E-3,,,,,56.000004633E-9,-200.00000298E-3,,,,,56.000004633E-9,-42.79999807E-3,
,,,56.500002898E-9,-200.00000298E-3,,,,,56.500002898E-9,-200.00000298E-3,,,,,56.500002898E-9,-43.60000044E-3,
,,,57.000004716E-9,0.0,,,,,57.000004716E-9,0.0,,,,,57.000004716E-9,-43.60000044E-3,
,,,57.500002981E-9,-200.00000298E-3,,,,,57.500002981E-9,0.0,,,,,57.500002981E-9,-44.39999908E-3,
,,,58.000004799E-9,-200.00000298E-3,,,,,58.000004799E-9,0.0,,,,,58.000004799E-9,-44.39999908E-3,
,,,58.500003064E-9,-200.00000298E-3,,,,,58.500003064E-9,-200.00000298E-3,,,,,58.500003064E-9,-43.60000044E-3,
,,,59.000004882E-9,0.0,,,,,59.000004882E-9,-200.00000298E-3,,,,,59.000004882E-9,-41.20000079E-3,
,,,59.500003147E-9,0.0,,,,,59.500003147E-9,-400.00000596E-3,,,,,59.500003147E-9,-39.59999979E-3,
,,,60.000004964E-9,0.0,,,,,60.000004964E-9,-200.00000298E-3,,,,,60.000004964E-9,-38.79999742E-3,
,,,60.500006782E-9,0.0,,,,,60.500006782E-9,-400.00000596E-3,,,,,60.500006782E-9,-39.59999979E-3,
,,,61.000001494E-9,0.0,,,,,61.000001494E-9,-200.00000298E-3,,,,,61.000001494E-9,-39.59999979E-3,
,,,61.500003312E-9,-200.00000298E-3,,,,,61.500003312E-9,-200.00000298E-3,,,,,61.500003312E-9,-39.59999979E-3,
,,,62.000005130E-9,-200.00000298E-3,,,,,62.000005130E-9,0.0,,,,,62.000005130E-9,-38.79999742E-3,
,,,62.500006948E-9,-200.00000298E-3,,,,,62.500006948E-9,-200.00000298E-3,,,,,62.500006948E-9,-38.79999742E-3,
,,,63.000001660E-9,0.0,,,,,63.000001660E-9,-200.00000298E-3,,,,,63.000001660E-9,-37.99999878E-3,
,,,63.500003478E-9,0.0,,,,,63.500003478E-9,-400.00000596E-3,,,,,63.500003478E-9,-37.20000014E-3,
,,,64.000005295E-9,0.0,,,,,64.000005295E-9,-200.00000298E-3,,,,,64.000005295E-9,-35.59999913E-3,
,,,64.500007113E-9,-200.00000298E-3,,,,,64.500007113E-9,-200.00000298E-3,,,,,64.500007113E-9,-34.80000049E-3,
,,,65.000001825E-9,0.0,,,,,65.000001825E-9,-200.00000298E-3,,,,,65.000001825E-9,-34.80000049E-3,
,,,65.500003643E-9,0.0,,,,,65.500003643E-9,-400.00000596E-3,,,,,65.500003643E-9,-36.39999777E-3,
,,,66.000005461E-9,0.0,,,,,66.000005461E-9,-200.00000298E-3,,,,,66.000005461E-9,-36.39999777E-3,
,,,66.500007279E-9,0.0,,,,,66.500007279E-9,-200.00000298E-3,,,,,66.500007279E-9,-36.39999777E-3,
,,,67.000001991E-9,0.0,,,,,67.000001991E-9,-200.00000298E-3,,,,,67.000001991E-9,-35.59999913E-3,
,,,67.500003809E-9,-200.00000298E-3,,,,,67.500003809E-9,-400.00000596E-3,,,,,67.500003809E-9,-35.59999913E-3,
,,,68.000005626E-9,0.0,,,,,68.000005626E-9,-200.00000298E-3,,,,,68.000005626E-9,-34.80000049E-3,
,,,68.500007444E-9,0.0,,,,,68.500007444E-9,-200.00000298E-3,,,,,68.500007444E-9,-33.99999812E-3,
,,,69.000002156E-9,0.0,,,,,69.000002156E-9,-200.00000298E-3,,,,,69.000002156E-9,-33.19999948E-3,
,,,69.500003974E-9,-200.00000298E-3,,,,,69.500003974E-9,-400.00000596E-3,,,,,69.500003974E-9,-33.99999812E-3,
,,,70.000005792E-9,-200.00000298E-3,,,,,70.000005792E-9,-200.00000298E-3,,,,,70.000005792E-9,-34.80000049E-3,
,,,70.500007610E-9,-200.00000298E-3,,,,,70.500007610E-9,-200.00000298E-3,,,,,70.500007610E-9,-36.39999777E-3,
,,,71.000002322E-9,0.0,,,,,71.000002322E-9,0.0,,,,,71.000002322E-9,-35.59999913E-3,
,,,71.500004140E-9,-200.00000298E-3,,,,,71.500004140E-9,0.0,,,,,71.500004140E-9,-35.59999913E-3,
,,,72.000005957E-9,-200.00000298E-3,,,,,72.000005957E-9,0.0,,,,,72.000005957E-9,-33.99999812E-3,
,,,72.500000670E-9,-200.00000298E-3,,,,,72.500000670E-9,-200.00000298E-3,,,,,72.500000670E-9,-33.99999812E-3,
,,,73.000002487E-9,0.0,,,,,73.000002487E-9,-200.00000298E-3,,,,,73.000002487E-9,-33.19999948E-3,
,,,73.500004305E-9,0.0,,,,,73.500004305E-9,-200.00000298E-3,,,,,73.500004305E-9,-33.19999948E-3,
,,,74.000006123E-9,0.0,,,,,74.000006123E-9,0.0,,,,,74.000006123E-9,-33.19999948E-3,
,,,74.500000835E-9,-200.00000298E-3,,,,,74.500000835E-9,-200.00000298E-3,,,,,74.500000835E-9,-33.99999812E-3,
,,,75.000002653E-9,0.0,,,,,75.000002653E-9,-200.00000298E-3,,,,,75.000002653E-9,-33.99999812E-3,
,,,75.500004471E-9,0.0,,,,,75.500004471E-9,-400.00000596E-3,,,,,75.500004471E-9,-33.99999812E-3,
,,,76.000006288E-9,0.0,,,,,76.000006288E-9,-200.00000298E-3,,,,,76.000006288E-9,-33.99999812E-3,
,,,76.500001001E-9,-200.00000298E-3,,,,,76.500001001E-9,-200.00000298E-3,,,,,76.500001001E-9,-34.80000049E-3,
,,,77.000002818E-9,0.0,,,,,77.000002818E-9,-200.00000298E-3,,,,,77.000002818E-9,-34.80000049E-3,
,,,77.500004636E-9,0.0,,,,,77.500004636E-9,-400.00000596E-3,,,,,77.500004636E-9,-34.80000049E-3,
,,,78.000006454E-9,0.0,,,,,78.000006454E-9,-200.00000298E-3,,,,,78.000006454E-9,-33.99999812E-3,
,,,78.500001166E-9,-200.00000298E-3,,,,,78.500001166E-9,-200.00000298E-3,,,,,78.500001166E-9,-34.80000049E-3,
,,,79.000002984E-9,0.0,,,,,79.000002984E-9,-200.00000298E-3,,,,,79.000002984E-9,-34.80000049E-3,
,,,79.500004802E-9,0.0,,,,,79.500004802E-9,-200.00000298E-3,,,,,79.500004802E-9,-35.59999913E-3,
,,,80.000006619E-9,0.0,,,,,80.000006619E-9,-200.00000298E-3,,,,,80.000006619E-9,-34.80000049E-3,
,,,80.500001332E-9,-200.00000298E-3,,,,,80.500001332E-9,-200.00000298E-3,,,,,80.500001332E-9,-34.80000049E-3,
,,,81.000003149E-9,-200.00000298E-3,,,,,81.000003149E-9,-200.00000298E-3,,,,,81.000003149E-9,-33.99999812E-3,
,,,81.500004967E-9,-200.00000298E-3,,,,,81.500004967E-9,-400.00000596E-3,,,,,81.500004967E-9,-33.99999812E-3,
,,,82.000006785E-9,0.0,,,,,82.000006785E-9,-200.00000298E-3,,,,,82.000006785E-9,-33.19999948E-3,
,,,82.500001497E-9,0.0,,,,,82.500001497E-9,-200.00000298E-3,,,,,82.500001497E-9,-33.19999948E-3,
,,,83.000003315E-9,0.0,,,,,83.000003315E-9,-200.00000298E-3,,,,,83.000003315E-9,-32.40000084E-3,
,,,83.500005132E-9,-200.00000298E-3,,,,,83.500005132E-9,-400.00000596E-3,,,,,83.500005132E-9,-32.40000084E-3,
,,,84.000006950E-9,0.0,,,,,84.000006950E-9,-200.00000298E-3,,,,,84.000006950E-9,-31.59999847E-3,
,,,84.500001662E-9,0.0,,,,,84.500001662E-9,-200.00000298E-3,,,,,84.500001662E-9,-32.40000084E-3,
,,,85.000003480E-9,0.0,,,,,85.000003480E-9,0.0,,,,,85.000003480E-9,-33.19999948E-3,
,,,85.500005298E-9,-200.00000298E-3,,,,,85.500005298E-9,-200.00000298E-3,,,,,85.500005298E-9,-33.99999812E-3,
,,,86.000007116E-9,-200.00000298E-3,,,,,86.000007116E-9,-200.00000298E-3,,,,,86.000007116E-9,-33.99999812E-3,
,,,86.500001828E-9,-200.00000298E-3,,,,,86.500001828E-9,-400.00000596E-3,,,,,86.500001828E-9,-33.99999812E-3,
,,,87.000003646E-9,0.0,,,,,87.000003646E-9,-200.00000298E-3,,,,,87.000003646E-9,-33.19999948E-3,
,,,87.500005463E-9,-200.00000298E-3,,,,,87.500005463E-9,-200.00000298E-3,,,,,87.500005463E-9,-33.99999812E-3,
,,,88.000007281E-9,-200.00000298E-3,,,,,88.000007281E-9,-200.00000298E-3,,,,,88.000007281E-9,-33.99999812E-3,
,,,88.500001993E-9,-200.00000298E-3,,,,,88.500001993E-9,-400.00000596E-3,,,,,88.500001993E-9,-35.59999913E-3,
,,,89.000003811E-9,0.0,,,,,89.000003811E-9,-200.00000298E-3,,,,,89.000003811E-9,-35.59999913E-3,
,,,89.500005629E-9,-200.00000298E-3,,,,,89.500005629E-9,-200.00000298E-3,,,,,89.500005629E-9,-36.39999777E-3,
,,,90.000000341E-9,-200.00000298E-3,,,,,90.000000341E-9,-200.00000298E-3,,,,,90.000000341E-9,-36.39999777E-3,
,,,90.500002159E-9,-200.00000298E-3,,,,,90.500002159E-9,-400.00000596E-3,,,,,90.500002159E-9,-37.20000014E-3,
,,,91.000003977E-9,0.0,,,,,91.000003977E-9,-200.00000298E-3,,,,,91.000003977E-9,-37.20000014E-3,
,,,91.500005794E-9,0.0,,,,,91.500005794E-9,-200.00000298E-3,,,,,91.500005794E-9,-37.20000014E-3,
,,,92.000000507E-9,0.0,,,,,92.000000507E-9,-200.00000298E-3,,,,,92.000000507E-9,-35.59999913E-3,
,,,92.500002324E-9,0.0,,,,,92.500002324E-9,-400.00000596E-3,,,,,92.500002324E-9,-34.80000049E-3,
,,,93.000004142E-9,0.0,,,,,93.000004142E-9,-200.00000298E-3,,,,,93.000004142E-9,-33.99999812E-3,
,,,93.500005960E-9,-200.00000298E-3,,,,,93.500005960E-9,-200.00000298E-3,,,,,93.500005960E-9,-33.99999812E-3,
,,,94.000000672E-9,-200.00000298E-3,,,,,94.000000672E-9,0.0,,,,,94.000000672E-9,-33.19999948E-3,
,,,94.500002490E-9,-200.00000298E-3,,,,,94.500002490E-9,-200.00000298E-3,,,,,94.500002490E-9,-33.99999812E-3,
,,,95.000004308E-9,0.0,,,,,95.000004308E-9,-200.00000298E-3,,,,,95.000004308E-9,-34.80000049E-3,
,,,95.500006125E-9,0.0,,,,,95.500006125E-9,-400.00000596E-3,,,,,95.500006125E-9,-35.59999913E-3,
,,,96.000000838E-9,0.0,,,,,96.000000838E-9,-200.00000298E-3,,,,,96.000000838E-9,-34.80000049E-3,
,,,96.500002655E-9,-200.00000298E-3,,,,,96.500002655E-9,-400.00000596E-3,,,,,96.500002655E-9,-35.59999913E-3,
,,,97.000004473E-9,0.0,,,,,97.000004473E-9,-200.00000298E-3,,,,,97.000004473E-9,-35.59999913E-3,
,,,97.500006291E-9,0.0,,,,,97.500006291E-9,-200.00000298E-3,,,,,97.500006291E-9,-36.39999777E-3,
,,,98.000001003E-9,0.0,,,,,98.000001003E-9,0.0,,,,,98.000001003E-9,-35.59999913E-3,
,,,98.500002821E-9,-200.00000298E-3,,,,,98.500002821E-9,-200.00000298E-3,,,,,98.500002821E-9,-35.59999913E-3,
,,,99.000004639E-9,0.0,,,,,99.000004639E-9,-200.00000298E-3,,,,,99.000004639E-9,-35.59999913E-3,
,,,99.500006456E-9,0.0,,,,,99.500006456E-9,-200.00000298E-3,,,,,99.500006456E-9,-36.39999777E-3,
,,,100.0000012E-9,0.0,,,,,100.0000012E-9,0.0,,,,,100.0000012E-9,-37.20000014E-3,
,,,100.5000030E-9,0.0,,,,,100.5000030E-9,-200.00000298E-3,,,,,100.5000030E-9,-37.99999878E-3,
,,,101.0000048E-9,0.0,,,,,101.0000048E-9,-200.00000298E-3,,,,,101.0000048E-9,-37.20000014E-3,
,,,101.5000066E-9,-200.00000298E-3,,,,,101.5000066E-9,-400.00000596E-3,,,,,101.5000066E-9,-36.39999777E-3,
,,,102.0000013E-9,0.0,,,,,102.0000013E-9,-200.00000298E-3,,,,,102.0000013E-9,-35.59999913E-3,
,,,102.5000032E-9,0.0,,,,,102.5000032E-9,-200.00000298E-3,,,,,102.5000032E-9,-35.59999913E-3,
,,,103.0000050E-9,0.0,,,,,103.0000050E-9,-200.00000298E-3,,,,,103.0000050E-9,-35.59999913E-3,
,,,103.5000068E-9,-200.00000298E-3,,,,,103.5000068E-9,-200.00000298E-3,,,,,103.5000068E-9,-35.59999913E-3,
,,,104.0000015E-9,0.0,,,,,104.0000015E-9,-200.00000298E-3,,,,,104.0000015E-9,-34.80000049E-3,
,,,104.5000033E-9,0.0,,,,,104.5000033E-9,-400.00000596E-3,,,,,104.5000033E-9,-33.99999812E-3,
,,,105.0000051E-9,0.0,,,,,105.0000051E-9,-200.00000298E-3,,,,,105.0000051E-9,-33.19999948E-3,
,,,105.4999998E-9,-200.00000298E-3,,,,,105.4999998E-9,-200.00000298E-3,,,,,105.4999998E-9,-32.40000084E-3,
,,,106.0000017E-9,-200.00000298E-3,,,,,106.0000017E-9,0.0,,,,,106.0000017E-9,-31.59999847E-3,
,,,106.5000035E-9,-200.00000298E-3,,,,,106.5000035E-9,-200.00000298E-3,,,,,106.5000035E-9,-31.59999847E-3,
,,,107.0000053E-9,0.0,,,,,107.0000053E-9,-200.00000298E-3,,,,,107.0000053E-9,-30.79999983E-3,
,,,107.5000000E-9,0.0,,,,,107.5000000E-9,-200.00000298E-3,,,,,107.5000000E-9,-30.79999983E-3,
,,,108.0000018E-9,0.0,,,,,108.0000018E-9,0.0,,,,,108.0000018E-9,-30.79999983E-3,
,,,108.5000036E-9,0.0,,,,,108.5000036E-9,0.0,,,,,108.5000036E-9,-30.79999983E-3,
,,,109.0000055E-9,0.0,,,,,109.0000055E-9,600.000023842E-3,,,,,109.0000055E-9,-29.99999933E-3,
,,,109.5000002E-9,-200.00000298E-3,,,,,109.5000002E-9,1.4000000,,,,,109.5000002E-9,-29.19999883E-3,
,,,110.0000020E-9,-200.00000298E-3,,,,,110.0000020E-9,2.4000001,,,,,110.0000020E-9,-28.40000018E-3,
,,,110.5000038E-9,-200.00000298E-3,,,,,110.5000038E-9,3.20000005,,,,,110.5000038E-9,-28.40000018E-3,
,,,111.0000056E-9,0.0,,,,,111.0000056E-9,3.79999995,,,,,111.0000056E-9,-28.40000018E-3,
,,,111.5000003E-9,-200.00000298E-3,,,,,111.5000003E-9,4.00000000,,,,,111.5000003E-9,-29.19999883E-3,
,,,112.0000022E-9,-200.00000298E-3,,,,,112.0000022E-9,4.40000010,,,,,112.0000022E-9,-28.40000018E-3,
,,,112.5000040E-9,-200.00000298E-3,,,,,112.5000040E-9,4.20000029,,,,,112.5000040E-9,-28.40000018E-3,
,,,113.0000058E-9,0.0,,,,,113.0000058E-9,4.40000010,,,,,113.0000058E-9,-28.40000018E-3,
,,,113.5000005E-9,0.0,,,,,113.5000005E-9,4.40000010,,,,,113.5000005E-9,-29.19999883E-3,
,,,114.0000023E-9,0.0,,,,,114.0000023E-9,4.59999990,,,,,114.0000023E-9,-29.19999883E-3,
,,,114.5000041E-9,-200.00000298E-3,,,,,114.5000041E-9,4.40000010,,,,,114.5000041E-9,-29.99999933E-3,
,,,115.0000060E-9,0.0,,,,,115.0000060E-9,4.40000010,,,,,115.0000060E-9,-29.99999933E-3,
,,,115.5000007E-9,0.0,,,,,115.5000007E-9,4.20000029,,,,,115.5000007E-9,-29.99999933E-3,
,,,116.0000025E-9,0.0,,,,,116.0000025E-9,4.40000010,,,,,116.0000025E-9,-29.99999933E-3,
,,,116.5000043E-9,-200.00000298E-3,,,,,116.5000043E-9,4.20000029,,,,,116.5000043E-9,-31.59999847E-3,
,,,117.0000061E-9,0.0,,,,,117.0000061E-9,4.40000010,,,,,117.0000061E-9,-32.40000084E-3,
,,,117.5000008E-9,0.0,,,,,117.5000008E-9,4.20000029,,,,,117.5000008E-9,-33.19999948E-3,
,,,118.0000027E-9,0.0,,,,,118.0000027E-9,4.40000010,,,,,118.0000027E-9,-32.40000084E-3,
,,,118.5000045E-9,-200.00000298E-3,,,,,118.5000045E-9,4.20000029,,,,,118.5000045E-9,-33.19999948E-3,
,,,119.0000063E-9,-200.00000298E-3,,,,,119.0000063E-9,4.20000029,,,,,119.0000063E-9,-33.99999812E-3,
,,,119.5000010E-9,-200.00000298E-3,,,,,119.5000010E-9,4.00000000,,,,,119.5000010E-9,-33.99999812E-3,
,,,120.0000099E-9,0.0,,,,,120.0000099E-9,3.60000014,,,,,120.0000099E-9,-33.19999948E-3,
,,,120.5000046E-9,0.0,,,,,120.5000046E-9,2.79999995,,,,,120.5000046E-9,-33.19999948E-3,
,,,120.9999994E-9,0.0,,,,,120.9999994E-9,2.0000000,,,,,120.9999994E-9,-33.19999948E-3,
,,,121.5000083E-9,-200.00000298E-3,,,,,121.5000083E-9,1.2000000,,,,,121.5000083E-9,-33.99999812E-3,
,,,122.0000030E-9,0.0,,,,,122.0000030E-9,600.000023842E-3,,,,,122.0000030E-9,-33.99999812E-3,
,,,122.4999977E-9,-200.00000298E-3,,,,,122.4999977E-9,0.0,,,,,122.4999977E-9,-33.99999812E-3,
,,,123.0000066E-9,0.0,,,,,123.0000066E-9,-200.00000298E-3,,,,,123.0000066E-9,-33.19999948E-3,
,,,123.5000013E-9,0.0,,,,,123.5000013E-9,-400.00000596E-3,,,,,123.5000013E-9,-33.19999948E-3,
,,,123.9999960E-9,0.0,,,,,123.9999960E-9,-200.00000298E-3,,,,,123.9999960E-9,-32.40000084E-3,
,,,124.5000050E-9,-200.00000298E-3,,,,,124.5000050E-9,-400.00000596E-3,,,,,124.5000050E-9,-32.40000084E-3,
,,,124.9999997E-9,-200.00000298E-3,,,,,124.9999997E-9,-400.00000596E-3,,,,,124.9999997E-9,-31.59999847E-3,
,,,125.5000086E-9,-400.00000596E-3,,,,,125.5000086E-9,-600.000023842E-3,,,,,125.5000086E-9,-31.59999847E-3,
,,,126.0000033E-9,-200.00000298E-3,,,,,126.0000033E-9,-400.00000596E-3,,,,,126.0000033E-9,-30.79999983E-3,
,,,126.4999980E-9,-200.00000298E-3,,,,,126.4999980E-9,-600.000023842E-3,,,,,126.4999980E-9,-31.59999847E-3,
,,,127.0000070E-9,0.0,,,,,127.0000070E-9,-400.00000596E-3,,,,,127.0000070E-9,-31.59999847E-3,
,,,127.5000017E-9,-200.00000298E-3,,,,,127.5000017E-9,-400.00000596E-3,,,,,127.5000017E-9,-31.59999847E-3,
,,,127.9999964E-9,-200.00000298E-3,,,,,127.9999964E-9,-200.00000298E-3,,,,,127.9999964E-9,-30.79999983E-3,
,,,128.5000053E-9,-200.00000298E-3,,,,,128.5000053E-9,-400.00000596E-3,,,,,128.5000053E-9,-31.59999847E-3,
,,,129.0000000E-9,0.0,,,,,129.0000000E-9,-400.00000596E-3,,,,,129.0000000E-9,-30.79999983E-3,
,,,129.5000089E-9,0.0,,,,,129.5000089E-9,-600.000023842E-3,,,,,129.5000089E-9,-29.99999933E-3,
,,,130.0000037E-9,0.0,,,,,130.0000037E-9,-400.00000596E-3,,,,,130.0000037E-9,-29.19999883E-3,
,,,130.4999984E-9,-200.00000298E-3,,,,,130.4999984E-9,-400.00000596E-3,,,,,130.4999984E-9,-29.99999933E-3,
,,,131.0000073E-9,0.0,,,,,131.0000073E-9,-200.00000298E-3,,,,,131.0000073E-9,-29.99999933E-3,
,,,131.5000020E-9,0.0,,,,,131.5000020E-9,-400.00000596E-3,,,,,131.5000020E-9,-30.79999983E-3,
,,,131.9999967E-9,0.0,,,,,131.9999967E-9,-200.00000298E-3,,,,,131.9999967E-9,-30.79999983E-3,
,,,132.5000056E-9,-200.00000298E-3,,,,,132.5000056E-9,-200.00000298E-3,,,,,132.5000056E-9,-31.59999847E-3,
,,,133.0000003E-9,0.0,,,,,133.0000003E-9,0.0,,,,,133.0000003E-9,-30.79999983E-3,
,,,133.5000093E-9,0.0,,,,,133.5000093E-9,-200.00000298E-3,,,,,133.5000093E-9,-29.99999933E-3,
,,,134.0000040E-9,0.0,,,,,134.0000040E-9,-200.00000298E-3,,,,,134.0000040E-9,-28.40000018E-3,
,,,134.4999987E-9,0.0,,,,,134.4999987E-9,-400.00000596E-3,,,,,134.4999987E-9,-28.40000018E-3,
,,,135.0000076E-9,0.0,,,,,135.0000076E-9,-200.00000298E-3,,,,,135.0000076E-9,-27.59999968E-3,
,,,135.5000023E-9,0.0,,,,,135.5000023E-9,0.0,,,,,135.5000023E-9,-28.40000018E-3,
,,,135.9999970E-9,0.0,,,,,135.9999970E-9,400.00000596E-3,,,,,135.9999970E-9,-28.40000018E-3,
,,,136.5000060E-9,0.0,,,,,136.5000060E-9,800.000011921E-3,,,,,136.5000060E-9,-29.99999933E-3,
,,,137.0000007E-9,0.0,,,,,137.0000007E-9,1.8000001,,,,,137.0000007E-9,-29.99999933E-3,
,,,137.4999954E-9,0.0,,,,,137.4999954E-9,2.6000001,,,,,137.4999954E-9,-29.99999933E-3,
,,,138.0000043E-9,0.0,,,,,138.0000043E-9,3.60000014,,,,,138.0000043E-9,-28.40000018E-3,
,,,138.4999990E-9,0.0,,,,,138.4999990E-9,4.00000000,,,,,138.4999990E-9,-28.40000018E-3,
,,,139.0000079E-9,0.0,,,,,139.0000079E-9,4.20000029,,,,,139.0000079E-9,-28.40000018E-3,
,,,139.5000027E-9,0.0,,,,,139.5000027E-9,4.20000029,,,,,139.5000027E-9,-29.19999883E-3,
,,,139.9999974E-9,0.0,,,,,139.9999974E-9,4.40000010,,,,,139.9999974E-9,-28.40000018E-3,
,,,140.5000063E-9,0.0,,,,,140.5000063E-9,4.20000029,,,,,140.5000063E-9,-28.40000018E-3,
,,,141.0000010E-9,0.0,,,,,141.0000010E-9,4.40000010,,,,,141.0000010E-9,-28.40000018E-3,
,,,141.4999957E-9,-200.00000298E-3,,,,,141.4999957E-9,4.40000010,,,,,141.4999957E-9,-29.19999883E-3,
,,,142.0000046E-9,0.0,,,,,142.0000046E-9,4.40000010,,,,,142.0000046E-9,-28.40000018E-3,
,,,142.4999994E-9,0.0,,,,,142.4999994E-9,4.20000029,,,,,142.4999994E-9,-29.19999883E-3,
,,,143.0000083E-9,0.0,,,,,143.0000083E-9,4.20000029,,,,,143.0000083E-9,-28.40000018E-3,
,,,143.5000030E-9,-200.00000298E-3,,,,,143.5000030E-9,4.20000029,,,,,143.5000030E-9,-29.19999883E-3,
,,,143.9999977E-9,0.0,,,,,143.9999977E-9,4.40000010,,,,,143.9999977E-9,-29.99999933E-3,
,,,144.5000066E-9,0.0,,,,,144.5000066E-9,4.20000029,,,,,144.5000066E-9,-32.40000084E-3,
,,,145.0000013E-9,0.0,,,,,145.0000013E-9,4.20000029,,,,,145.0000013E-9,-33.19999948E-3,
,,,145.4999961E-9,-200.00000298E-3,,,,,145.4999961E-9,4.00000000,,,,,145.4999961E-9,-33.99999812E-3,
,,,146.0000050E-9,-200.00000298E-3,,,,,146.0000050E-9,4.20000029,,,,,146.0000050E-9,-33.99999812E-3,
,,,146.4999997E-9,-200.00000298E-3,,,,,146.4999997E-9,4.00000000,,,,,146.4999997E-9,-34.80000049E-3,
,,,147.0000086E-9,0.0,,,,,147.0000086E-9,3.60000014,,,,,147.0000086E-9,-35.59999913E-3,
,,,147.5000033E-9,-200.00000298E-3,,,,,147.5000033E-9,2.79999995,,,,,147.5000033E-9,-36.39999777E-3,
,,,147.9999980E-9,-200.00000298E-3,,,,,147.9999980E-9,2.2000000,,,,,147.9999980E-9,-35.59999913E-3,
,,,148.50000696E-9,-200.00000298E-3,,,,,148.50000696E-9,1.2000000,,,,,148.50000696E-9,-35.59999913E-3,
,,,149.00000167E-9,0.0,,,,,149.00000167E-9,600.000023842E-3,,,,,149.00000167E-9,-35.59999913E-3,
,,,149.49999638E-9,0.0,,,,,149.49999638E-9,0.0,,,,,149.49999638E-9,-35.59999913E-3,
,,,150.00000531E-9,0.0,,,,,150.00000531E-9,0.0,,,,,150.00000531E-9,-35.59999913E-3,
,,,150.50000002E-9,0.0,,,,,150.50000002E-9,-200.00000298E-3,,,,,150.50000002E-9,-36.39999777E-3,
,,,151.00000894E-9,0.0,,,,,151.00000894E-9,-200.00000298E-3,,,,,151.00000894E-9,-35.59999913E-3,
,,,151.50000365E-9,-200.00000298E-3,,,,,151.50000365E-9,-400.00000596E-3,,,,,151.50000365E-9,-34.80000049E-3,
,,,151.99999837E-9,-200.00000298E-3,,,,,151.99999837E-9,-400.00000596E-3,,,,,151.99999837E-9,-33.19999948E-3,
,,,152.50000729E-9,-200.00000298E-3,,,,,152.50000729E-9,-400.00000596E-3,,,,,152.50000729E-9,-32.40000084E-3,
,,,153.00000200E-9,0.0,,,,,153.00000200E-9,-400.00000596E-3,,,,,153.00000200E-9,-30.79999983E-3,
,,,153.49999671E-9,-200.00000298E-3,,,,,153.49999671E-9,-600.000023842E-3,,,,,153.49999671E-9,-30.79999983E-3,
,,,154.00000564E-9,-200.00000298E-3,,,,,154.00000564E-9,-400.00000596E-3,,,,,154.00000564E-9,-30.79999983E-3,
,,,154.50000035E-9,-200.00000298E-3,,,,,154.50000035E-9,-400.00000596E-3,,,,,154.50000035E-9,-31.59999847E-3,
,,,154.99999506E-9,0.0,,,,,154.99999506E-9,-200.00000298E-3,,,,,154.99999506E-9,-31.59999847E-3,
,,,155.50000398E-9,0.0,,,,,155.50000398E-9,-400.00000596E-3,,,,,155.50000398E-9,-31.59999847E-3,
,,,155.99999870E-9,0.0,,,,,155.99999870E-9,-400.00000596E-3,,,,,155.99999870E-9,-29.99999933E-3,
,,,156.50000762E-9,-200.00000298E-3,,,,,156.50000762E-9,-400.00000596E-3,,,,,156.50000762E-9,-29.19999883E-3,
,,,157.00000233E-9,0.0,,,,,157.00000233E-9,-200.00000298E-3,,,,,157.00000233E-9,-28.40000018E-3,
,,,157.49999704E-9,0.0,,,,,157.49999704E-9,-200.00000298E-3,,,,,157.49999704E-9,-28.40000018E-3,
,,,158.00000597E-9,0.0,,,,,158.00000597E-9,-200.00000298E-3,,,,,158.00000597E-9,-28.40000018E-3,
,,,158.50000068E-9,-200.00000298E-3,,,,,158.50000068E-9,-400.00000596E-3,,,,,158.50000068E-9,-29.19999883E-3,
,,,158.99999539E-9,0.0,,,,,158.99999539E-9,-200.00000298E-3,,,,,158.99999539E-9,-29.99999933E-3,
,,,159.50000432E-9,0.0,,,,,159.50000432E-9,-200.00000298E-3,,,,,159.50000432E-9,-30.79999983E-3,
,,,159.99999903E-9,0.0,,,,,159.99999903E-9,-200.00000298E-3,,,,,159.99999903E-9,-30.79999983E-3,
,,,160.50000795E-9,0.0,,,,,160.50000795E-9,-400.00000596E-3,,,,,160.50000795E-9,-30.79999983E-3,
,,,161.00000266E-9,0.0,,,,,161.00000266E-9,-200.00000298E-3,,,,,161.00000266E-9,-29.99999933E-3,
,,,161.49999738E-9,0.0,,,,,161.49999738E-9,-200.00000298E-3,,,,,161.49999738E-9,-29.19999883E-3,
,,,162.00000630E-9,0.0,,,,,162.00000630E-9,-200.00000298E-3,,,,,162.00000630E-9,-28.40000018E-3,
,,,162.50000101E-9,0.0,,,,,162.50000101E-9,-400.00000596E-3,,,,,162.50000101E-9,-28.40000018E-3,
,,,162.99999572E-9,0.0,,,,,162.99999572E-9,-200.00000298E-3,,,,,162.99999572E-9,-28.40000018E-3,
,,,163.50000465E-9,0.0,,,,,163.50000465E-9,-200.00000298E-3,,,,,163.50000465E-9,-29.19999883E-3,
,,,163.99999936E-9,0.0,,,,,163.99999936E-9,0.0,,,,,163.99999936E-9,-29.19999883E-3,
,,,164.50000828E-9,0.0,,,,,164.50000828E-9,-200.00000298E-3,,,,,164.50000828E-9,-29.99999933E-3,
,,,165.00000299E-9,0.0,,,,,165.00000299E-9,-200.00000298E-3,,,,,165.00000299E-9,-29.19999883E-3,
,,,165.49999771E-9,0.0,,,,,165.49999771E-9,-400.00000596E-3,,,,,165.49999771E-9,-29.19999883E-3,
,,,166.00000663E-9,0.0,,,,,166.00000663E-9,-200.00000298E-3,,,,,166.00000663E-9,-28.40000018E-3,
,,,166.50000134E-9,0.0,,,,,166.50000134E-9,-200.00000298E-3,,,,,166.50000134E-9,-29.19999883E-3,
,,,166.99999605E-9,0.0,,,,,166.99999605E-9,-200.00000298E-3,,,,,166.99999605E-9,-29.19999883E-3,
,,,167.50000498E-9,-200.00000298E-3,,,,,167.50000498E-9,-200.00000298E-3,,,,,167.50000498E-9,-29.99999933E-3,
,,,167.99999969E-9,0.0,,,,,167.99999969E-9,-200.00000298E-3,,,,,167.99999969E-9,-29.99999933E-3,
,,,168.49999440E-9,0.0,,,,,168.49999440E-9,-400.00000596E-3,,,,,168.49999440E-9,-30.79999983E-3,
,,,169.00000332E-9,0.0,,,,,169.00000332E-9,-200.00000298E-3,,,,,169.00000332E-9,-30.79999983E-3,
,,,169.49999804E-9,-200.00000298E-3,,,,,169.49999804E-9,-200.00000298E-3,,,,,169.49999804E-9,-30.79999983E-3,
,,,170.00000696E-9,0.0,,,,,170.00000696E-9,0.0,,,,,170.00000696E-9,-29.19999883E-3,
,,,170.50000167E-9,0.0,,,,,170.50000167E-9,-200.00000298E-3,,,,,170.50000167E-9,-29.19999883E-3,
,,,170.99999639E-9,0.0,,,,,170.99999639E-9,-200.00000298E-3,,,,,170.99999639E-9,-28.40000018E-3,
,,,171.50000531E-9,-200.00000298E-3,,,,,171.50000531E-9,-200.00000298E-3,,,,,171.50000531E-9,-29.99999933E-3,
,,,172.00000002E-9,-200.00000298E-3,,,,,172.00000002E-9,0.0,,,,,172.00000002E-9,-30.79999983E-3,
,,,172.49999473E-9,-200.00000298E-3,,,,,172.49999473E-9,-200.00000298E-3,,,,,172.49999473E-9,-33.19999948E-3,
,,,173.00000366E-9,0.0,,,,,173.00000366E-9,-200.00000298E-3,,,,,173.00000366E-9,-33.99999812E-3,
,,,173.49999837E-9,-200.00000298E-3,,,,,173.49999837E-9,-400.00000596E-3,,,,,173.49999837E-9,-35.59999913E-3,
,,,174.00000729E-9,-200.00000298E-3,,,,,174.00000729E-9,-200.00000298E-3,,,,,174.00000729E-9,-35.59999913E-3,
,,,174.50000200E-9,-200.00000298E-3,,,,,174.50000200E-9,-200.00000298E-3,,,,,174.50000200E-9,-36.39999777E-3,
,,,174.99999672E-9,0.0,,,,,174.99999672E-9,-200.00000298E-3,,,,,174.99999672E-9,-35.59999913E-3,
,,,175.50000564E-9,-200.00000298E-3,,,,,175.50000564E-9,-400.00000596E-3,,,,,175.50000564E-9,-35.59999913E-3,
,,,176.00000035E-9,-200.00000298E-3,,,,,176.00000035E-9,-200.00000298E-3,,,,,176.00000035E-9,-35.59999913E-3,
,,,176.49999506E-9,-200.00000298E-3,,,,,176.49999506E-9,-400.00000596E-3,,,,,176.49999506E-9,-37.20000014E-3,
,,,177.00000399E-9,0.0,,,,,177.00000399E-9,-200.00000298E-3,,,,,177.00000399E-9,-38.79999742E-3,
,,,177.49999870E-9,-200.00000298E-3,,,,,177.49999870E-9,-200.00000298E-3,,,,,177.49999870E-9,-40.39999843E-3,
,,,178.00000762E-9,-200.00000298E-3,,,,,178.00000762E-9,-200.00000298E-3,,,,,178.00000762E-9,-39.59999979E-3,
,,,178.50000233E-9,-200.00000298E-3,,,,,178.50000233E-9,-400.00000596E-3,,,,,178.50000233E-9,-38.79999742E-3,
,,,178.99999705E-9,0.0,,,,,178.99999705E-9,-200.00000298E-3,,,,,178.99999705E-9,-37.20000014E-3,
,,,179.50000597E-9,0.0,,,,,179.50000597E-9,-200.00000298E-3,,,,,179.50000597E-9,-35.59999913E-3,
,,,180.00000068E-9,0.0,,,,,180.00000068E-9,0.0,,,,,180.00000068E-9,-33.19999948E-3,
,,,180.49999539E-9,-200.00000298E-3,,,,,180.49999539E-9,-200.00000298E-3,,,,,180.49999539E-9,-32.40000084E-3,
,,,181.00000432E-9,0.0,,,,,181.00000432E-9,-200.00000298E-3,,,,,181.00000432E-9,-31.59999847E-3,
,,,181.49999903E-9,0.0,,,,,181.49999903E-9,-400.00000596E-3,,,,,181.49999903E-9,-30.79999983E-3,
,,,182.00000795E-9,0.0,,,,,182.00000795E-9,-200.00000298E-3,,,,,182.00000795E-9,-29.19999883E-3,
,,,182.50000267E-9,-200.00000298E-3,,,,,182.50000267E-9,-200.00000298E-3,,,,,182.50000267E-9,-27.59999968E-3,
,,,182.99999738E-9,0.0,,,,,182.99999738E-9,-200.00000298E-3,,,,,182.99999738E-9,-25.99999867E-3,
,,,183.50000630E-9,0.0,,,,,183.50000630E-9,-400.00000596E-3,,,,,183.50000630E-9,-25.20000003E-3,
,,,184.00000101E-9,0.0,,,,,184.00000101E-9,-200.00000298E-3,,,,,184.00000101E-9,-23.59999903E-3,
,,,184.49999573E-9,0.0,,,,,184.49999573E-9,-200.00000298E-3,,,,,184.49999573E-9,-23.59999903E-3,
,,,185.00000465E-9,0.0,,,,,185.00000465E-9,-200.00000298E-3,,,,,185.00000465E-9,-22.79999852E-3,
,,,185.49999936E-9,0.0,,,,,185.49999936E-9,-200.00000298E-3,,,,,185.49999936E-9,-23.59999903E-3,
,,,185.99999407E-9,0.0,,,,,185.99999407E-9,-200.00000298E-3,,,,,185.99999407E-9,-24.39999953E-3,
,,,186.50000300E-9,0.0,,,,,186.50000300E-9,-200.00000298E-3,,,,,186.50000300E-9,-25.99999867E-3,
,,,186.99999771E-9,0.0,,,,,186.99999771E-9,-200.00000298E-3,,,,,186.99999771E-9,-25.99999867E-3,
,,,187.50000663E-9,0.0,,,,,187.50000663E-9,-200.00000298E-3,,,,,187.50000663E-9,-26.79999918E-3,
,,,188.00000134E-9,0.0,,,,,188.00000134E-9,-200.00000298E-3,,,,,188.00000134E-9,-25.99999867E-3,
,,,188.49999606E-9,0.0,,,,,188.49999606E-9,-400.00000596E-3,,,,,188.49999606E-9,-26.79999918E-3,
,,,189.00000498E-9,0.0,,,,,189.00000498E-9,-200.00000298E-3,,,,,189.00000498E-9,-27.59999968E-3,
,,,189.49999969E-9,0.0,,,,,189.49999969E-9,-200.00000298E-3,,,,,189.49999969E-9,-29.19999883E-3,
,,,189.99999440E-9,0.0,,,,,189.99999440E-9,-200.00000298E-3,,,,,189.99999440E-9,-29.99999933E-3,
,,,190.50000333E-9,0.0,,,,,190.50000333E-9,-400.00000596E-3,,,,,190.50000333E-9,-31.59999847E-3,
,,,190.99999804E-9,0.0,,,,,190.99999804E-9,-200.00000298E-3,,,,,190.99999804E-9,-31.59999847E-3,
,,,191.50000696E-9,-200.00000298E-3,,,,,191.50000696E-9,-200.00000298E-3,,,,,191.50000696E-9,-31.59999847E-3,
,,,192.00000168E-9,0.0,,,,,192.00000168E-9,0.0,,,,,192.00000168E-9,-30.79999983E-3,
,,,192.49999639E-9,0.0,,,,,192.49999639E-9,-200.00000298E-3,,,,,192.49999639E-9,-30.79999983E-3,
,,,193.00000531E-9,0.0,,,,,193.00000531E-9,-200.00000298E-3,,,,,193.00000531E-9,-30.79999983E-3,
,,,193.50000002E-9,-200.00000298E-3,,,,,193.50000002E-9,-400.00000596E-3,,,,,193.50000002E-9,-30.79999983E-3,
,,,193.99999474E-9,0.0,,,,,193.99999474E-9,-200.00000298E-3,,,,,193.99999474E-9,-30.79999983E-3,
,,,194.50000366E-9,0.0,,,,,194.50000366E-9,-200.00000298E-3,,,,,194.50000366E-9,-32.40000084E-3,
,,,194.99999837E-9,0.0,,,,,194.99999837E-9,-200.00000298E-3,,,,,194.99999837E-9,-33.19999948E-3,
,,,195.50000729E-9,-200.00000298E-3,,,,,195.50000729E-9,-400.00000596E-3,,,,,195.50000729E-9,-33.99999812E-3,
,,,196.00000201E-9,-200.00000298E-3,,,,,196.00000201E-9,-200.00000298E-3,,,,,196.00000201E-9,-33.99999812E-3,
,,,196.49999672E-9,-200.00000298E-3,,,,,196.49999672E-9,-200.00000298E-3,,,,,196.49999672E-9,-34.80000049E-3,
,,,197.00000564E-9,0.0,,,,,197.00000564E-9,0.0,,,,,197.00000564E-9,-34.80000049E-3,
,,,197.50000035E-9,-200.00000298E-3,,,,,197.50000035E-9,-200.00000298E-3,,,,,197.50000035E-9,-35.59999913E-3,
,,,197.99999507E-9,-200.00000298E-3,,,,,197.99999507E-9,-200.00000298E-3,,,,,197.99999507E-9,-34.80000049E-3,
,,,198.50000399E-9,-200.00000298E-3,,,,,198.50000399E-9,-400.00000596E-3,,,,,198.50000399E-9,-35.59999913E-3,
,,,198.99999870E-9,0.0,,,,,198.99999870E-9,-200.00000298E-3,,,,,198.99999870E-9,-34.80000049E-3,
,,,199.50000762E-9,-200.00000298E-3,,,,,199.50000762E-9,-200.00000298E-3,,,,,199.50000762E-9,-34.80000049E-3,
